"日付","始値","高値","安値","終値","前日比","出来高","貸株残高","融資残高","貸借倍率","逆日歩","5DMA","25DMA","75DMA","5DVMA","25DVMA","75DVMA"
"2021/09/10","4,310.0","4,450.0","4,305.0","4,450.0","+110.0","1,267,700","38,500","6,900","0.18","-","4,383.00","4,014.40","3,721.20","1,198,300","1,077,004","1,008,273"
"2021/09/09","4,350.0","4,370.0","4,320.0","4,340.0","-55.0","1,165,300","18,400","18,200","0.99","-","4,352.00","3,985.60","3,708.06","1,180,220","1,054,052","1,001,188"
"2021/09/08","4,425.0","4,440.0","4,355.0","4,395.0","0.0","1,342,800","18,800","18,100","0.96","-","4,334.00","3,960.40","3,695.73","1,162,340","1,044,444","997,366"
"2021/09/07","4,385.0","4,425.0","4,350.0","4,395.0","+60.0","1,144,300","17,200","18,300","1.06","-","4,293.00","3,931.80","3,682.93","1,191,500","1,038,708","996,662"
"2021/09/06","4,360.0","4,390.0","4,310.0","4,335.0","+40.0","1,071,400","31,300","17,800","0.57","-","4,241.00","3,903.60","3,668.46","1,477,660","1,046,192","989,753"
"2021/09/03","4,220.0","4,300.0","4,210.0","4,295.0","+45.0","1,177,300","19,300","18,700","0.97","-","4,185.00","3,871.00","3,654.33","1,438,260","1,084,468","989,932"
"2021/09/02","4,175.0","4,260.0","4,170.0","4,250.0","+60.0","1,075,900","18,400","19,000","1.03","-","4,134.00","3,843.00","3,640.00","1,394,340","1,083,924","987,649"
"2021/09/01","4,090.0","4,195.0","4,090.0","4,190.0","+55.0","1,488,600","29,900","18,500","0.62","-","4,095.00","3,816.40","3,625.73","1,395,500","1,074,608","987,916"
"2021/08/31","4,080.0","4,155.0","4,065.0","4,135.0","+80.0","2,575,100","30,100","20,100","0.67","-","4,051.00","3,793.80","3,612.53","1,278,040","1,046,332","983,301"
"2021/08/30","4,050.0","4,065.0","3,995.0","4,055.0","+15.0","874,400","24,400","20,000","0.82","-","4,023.00","3,771.60","3,598.93","969,240","981,492","962,658"
"2021/08/27","4,030.0","4,045.0","3,995.0","4,040.0","-15.0","957,700","24,100","19,500","0.81","-","3,997.00","3,752.60","3,587.86","976,600","982,844","965,749"
"2021/08/26","4,005.0","4,080.0","4,000.0","4,055.0","+85.0","1,081,700","18,400","17,700","0.96","-","3,955.00","3,733.80","3,577.46","1,010,940","978,012","968,698"
"2021/08/25","3,930.0","3,980.0","3,910.0","3,970.0","-25.0","901,300","9,800","18,800","1.92","-","3,912.00","3,714.40","3,568.46","1,021,920","957,928","965,176"
"2021/08/24","3,985.0","3,995.0","3,945.0","3,995.0","+70.0","1,031,100","32,200","16,600","0.52","-","3,884.00","3,698.40","3,560.06","1,101,580","950,668","964,850"
"2021/08/23","3,845.0","3,935.0","3,835.0","3,925.0","+95.0","911,200","19,400","21,500","1.11","-","3,821.00","3,682.40","3,551.13","1,039,280","931,916","969,753"
"2021/08/20","3,835.0","3,890.0","3,800.0","3,830.0","-10.0","1,129,400","21,000","23,500","1.12","-","3,769.00","3,672.00","3,543.66","996,180","930,140","980,870"
"2021/08/19","3,800.0","3,870.0","3,785.0","3,840.0","+10.0","1,136,600","15,600","24,200","1.55","-","3,748.00","3,664.60","3,536.66","887,720","904,380","1,024,470"
"2021/08/18","3,700.0","3,830.0","3,685.0","3,830.0","+150.0","1,299,600","11,000","25,300","2.30","-","3,717.00","3,656.60","3,529.40","798,300","898,272","1,029,388"
"2021/08/17","3,650.0","3,695.0","3,640.0","3,680.0","+15.0","719,600","12,500","28,800","2.30","-","3,695.00","3,646.60","3,522.46","686,500","885,032","1,025,048"
"2021/08/16","3,695.0","3,695.0","3,640.0","3,665.0","-60.0","695,700","13,000","27,700","2.13","-","3,710.00","3,642.60","3,517.66","700,880","888,624","1,025,772"
"2021/08/13","3,700.0","3,730.0","3,690.0","3,725.0","+40.0","587,100","16,500","25,000","1.52","-","3,738.00","3,640.20","3,513.73","775,680","897,588","1,031,512"
"2021/08/12","3,700.0","3,720.0","3,670.0","3,685.0","-35.0","689,500","9,200","25,600","2.78","-","3,739.00","3,633.20","3,507.46","797,040","901,864","1,037,068"
"2021/08/11","3,765.0","3,775.0","3,690.0","3,720.0","-35.0","740,600","12,700","27,700","2.18","-","3,744.00","3,629.40","3,503.00","844,160","893,984","1,039,365"
"2021/08/10","3,780.0","3,820.0","3,755.0","3,755.0","-50.0","791,500","18,200","20,600","1.13","-","3,736.00","3,624.60","3,498.20","935,920","904,140","1,037,808"
"2021/08/06","3,770.0","3,805.0","3,755.0","3,805.0","+75.0","1,069,700","15,500","20,700","1.34","-","3,723.00","3,619.00","3,493.33","1,043,900","907,356","1,035,340"
"2021/08/05","3,725.0","3,750.0","3,675.0","3,730.0","+20.0","693,900","16,200","21,800","1.35","-","3,666.00","3,613.80","3,487.60","1,235,620","911,088","1,029,961"
"2021/08/04","3,695.0","3,720.0","3,675.0","3,710.0","+30.0","925,100","16,900","21,200","1.25","-","3,639.00","3,611.00","3,483.00","1,329,580","915,656","1,032,385"
"2021/08/03","3,675.0","3,730.0","3,670.0","3,680.0","-10.0","1,199,400","41,800","22,000","0.53","-","3,614.00","3,608.80","3,477.93","1,313,160","903,556","1,028,508"
"2021/08/02","3,585.0","3,700.0","3,565.0","3,690.0","+170.0","1,331,400","16,700","22,700","1.36","-","3,603.00","3,606.20","3,472.80","1,229,620","882,016","1,022,653"
"2021/07/30","3,635.0","3,705.0","3,505.0","3,520.0","-75.0","2,028,300","100","23,600","236.00","-","3,581.00","3,603.80","3,467.73","1,154,160","852,544","1,019,842"
"2021/07/29","3,560.0","3,595.0","3,535.0","3,595.0","+10.0","1,163,700","4,100","22,800","5.56","-","3,593.00","3,607.80","3,465.13","930,140","799,780","1,006,278"
"2021/07/28","3,615.0","3,640.0","3,560.0","3,585.0","-40.0","843,000","5,600","28,000","5.00","-","3,588.00","3,610.20","3,461.86","864,780","801,612","1,004,702"
"2021/07/27","3,630.0","3,650.0","3,610.0","3,625.0","+45.0","781,700","300","27,800","92.67","-","3,585.00","3,608.60","3,459.06","812,100","793,924","1,004,600"
"2021/07/26","3,625.0","3,650.0","3,580.0","3,580.0","0.0","954,100","200","29,600","148.00","-","3,574.00","3,607.20","3,456.53","799,720","823,816","1,003,164"
"2021/07/21","3,615.0","3,625.0","3,560.0","3,580.0","+10.0","908,200","200","42,400","212.00","-","3,577.00","3,606.40","3,455.60","721,360","821,344","1,000,216"
"2021/07/20","3,540.0","3,605.0","3,525.0","3,570.0","0.0","836,900","200","44,400","222.00","-","3,594.00","3,607.00","3,453.80","713,080","813,288","1,005,645"
"2021/07/19","3,530.0","3,590.0","3,525.0","3,570.0","0.0","579,600","200","45,200","226.00","-","3,609.00","3,609.00","3,451.86","642,780","809,632","1,017,465"
"2021/07/16","3,595.0","3,615.0","3,570.0","3,570.0","-25.0","719,800","100","45,600","456.00","-","3,623.00","3,609.60","3,448.53","723,640","820,584","1,030,206"
"2021/07/15","3,680.0","3,680.0","3,590.0","3,595.0","-70.0","562,300","300","48,400","161.33","-","3,625.00","3,607.60","3,446.46","773,400","828,820","1,046,481"
"2021/07/14","3,660.0","3,690.0","3,650.0","3,665.0","+20.0","866,800","3,900","49,200","12.62","-","3,622.00","3,601.80","3,443.73","822,820","839,804","1,056,705"
"2021/07/13","3,650.0","3,690.0","3,640.0","3,645.0","+5.0","485,400","300","48,200","160.67","-","3,610.00","3,594.40","3,440.66","833,420","840,556","1,063,316"
"2021/07/12","3,600.0","3,655.0","3,580.0","3,640.0","+60.0","983,900","400","44,000","110.00","-","3,591.00","3,584.60","3,436.73","875,140","842,332","1,070,588"
"2021/07/09","3,520.0","3,595.0","3,515.0","3,580.0","0.0","968,600","400","44,900","112.25","-","3,581.00","3,574.80","3,433.13","776,860","834,300","1,066,898"
"2021/07/08","3,565.0","3,605.0","3,550.0","3,580.0","-25.0","809,400","300","44,800","149.33","-","3,585.00","3,568.80","3,430.80","782,040","823,716","1,068,932"
"2021/07/07","3,565.0","3,610.0","3,540.0","3,605.0","+55.0","919,800","400","46,400","116.00","-","3,592.00","3,564.80","3,428.73","794,540","823,820","1,090,740"
"2021/07/06","3,600.0","3,605.0","3,545.0","3,550.0","-40.0","694,000","400","47,400","118.50","-","3,606.00","3,557.80","3,426.06","843,180","836,316","1,103,610"
"2021/07/05","3,610.0","3,610.0","3,585.0","3,590.0","-10.0","492,500","300","47,800","159.33","-","3,628.00","3,554.40","3,423.13","866,000","849,348","1,112,320"
"2021/07/02","3,600.0","3,610.0","3,575.0","3,600.0","-15.0","994,500","400","48,300","120.75","-","3,641.00","3,550.40","3,419.26","892,020","871,724","1,123,045"
"2021/07/01","3,700.0","3,705.0","3,605.0","3,615.0","-60.0","871,900","300","49,100","163.67","-","3,644.00","3,546.80","3,415.66","825,300","876,780","1,134,448"
"2021/06/30","3,700.0","3,705.0","3,660.0","3,675.0","+15.0","1,163,000","400","53,700","134.25","-","3,647.00","3,543.20","3,412.00","769,840","1,023,760","1,150,228"
"2021/06/29","3,695.0","3,705.0","3,645.0","3,660.0","+5.0","808,100","300","45,300","151.00","-","3,636.00","3,535.40","3,406.26","679,080","1,036,728","1,165,386"
"2021/06/28","3,650.0","3,660.0","3,615.0","3,655.0","+40.0","622,600","500","48,500","97.00","-","3,635.00","3,527.60","3,399.86","759,360","1,033,856","1,182,865"
"2021/06/25","3,670.0","3,670.0","3,610.0","3,615.0","-15.0","660,900","300","48,600","162.00","-","3,613.00","3,518.00","3,394.13","765,000","1,044,100","1,196,660"
"2021/06/24","3,605.0","3,640.0","3,580.0","3,630.0","+10.0","594,600","4,500","44,600","9.91","-","3,608.00","3,510.80","3,388.40","938,620","1,069,264","1,204,628"
"2021/06/23","3,615.0","3,675.0","3,610.0","3,620.0","-35.0","709,200","300","44,600","148.67","-","3,594.00","3,498.00","3,382.93","998,160","1,070,524","1,216,486"
"2021/06/22","3,605.0","3,665.0","3,590.0","3,655.0","+110.0","1,209,500","400","44,000","110.00","-","3,589.00","3,484.20","3,378.00","997,680","1,085,548","1,228,488"
"2021/06/21","3,560.0","3,585.0","3,510.0","3,545.0","-45.0","650,800","100","44,700","447.00","-","3,582.00","3,466.80","3,372.80","904,880","1,077,412","1,237,346"
"2021/06/18","3,605.0","3,610.0","3,565.0","3,590.0","+30.0","1,529,000","3,000","44,800","14.93","-","3,590.00","3,452.20","3,370.40","945,400","1,095,216","1,243,022"
"2021/06/17","3,585.0","3,585.0","3,535.0","3,560.0","-35.0","892,300","300","47,400","158.00","-","3,576.00","3,436.60","3,367.33","824,740","1,079,756","1,240,014"
"2021/06/16","3,585.0","3,620.0","3,550.0","3,595.0","-25.0","706,800","200","47,900","239.50","-","3,554.00","3,418.80","3,364.00","813,660","1,085,140","1,255,078"
"2021/06/15","3,620.0","3,620.0","3,575.0","3,620.0","+35.0","745,500","500","47,800","95.60","-","3,531.00","3,404.00","3,361.80","849,420","1,101,116","1,259,298"
"2021/06/14","3,540.0","3,585.0","3,500.0","3,585.0","+65.0","853,400","300","45,900","153.00","-","3,487.00","3,389.60","3,359.13","806,280","1,118,452","1,269,625"
"2021/06/11","3,465.0","3,540.0","3,460.0","3,520.0","+70.0","925,700","300","45,800","152.67","-","3,449.00","3,381.40","3,358.86","792,220","1,117,016","1,273,222"
"2021/06/10","3,465.0","3,475.0","3,425.0","3,450.0","-30.0","836,900","400","50,400","126.00","-","3,431.00","3,374.20","3,359.80","747,880","1,115,064","1,271,698"
"2021/06/09","3,425.0","3,510.0","3,405.0","3,480.0","+80.0","885,600","400","50,700","126.75","-","3,437.00","3,369.20","3,362.53","742,900","1,137,540","1,273,752"
"2021/06/08","3,410.0","3,430.0","3,390.0","3,400.0","+5.0","529,800","100","50,000","500.00","-","3,427.00","3,364.60","3,364.60","812,220","1,171,916","1,273,434"
"2021/06/07","3,440.0","3,455.0","3,370.0","3,395.0","-35.0","783,100","0","50,000","0.00","-","3,440.00","3,360.80","3,367.40","910,220","1,326,700","1,283,954"
"2021/06/04","3,410.0","3,435.0","3,390.0","3,430.0","-50.0","704,000","0","50,100","0.00","-","3,459.00","3,356.80","3,370.46","963,980","1,355,592","1,280,332"
"2021/06/03","3,500.0","3,515.0","3,455.0","3,480.0","+50.0","812,000","3,100","48,100","15.52","-","3,475.00","3,352.00","3,372.93","1,047,360","1,366,396","1,280,153"
"2021/06/02","3,465.0","3,465.0","3,375.0","3,430.0","-35.0","1,232,200","200","47,900","239.50","-","3,484.00","3,345.60","3,374.53","1,794,240","1,364,872","1,283,586"
"2021/06/01","3,485.0","3,490.0","3,445.0","3,465.0","-25.0","1,019,800","0","48,000","0.00","-","3,494.00","3,343.20","3,376.40","1,845,240","1,360,632","1,283,553"
"2021/05/31","3,510.0","3,535.0","3,470.0","3,490.0","-20.0","1,051,900","100","48,000","480.00","-","3,494.00","3,334.80","3,377.53","1,788,540","1,359,992","1,284,418"
"2021/05/28","3,525.0","3,540.0","3,500.0","3,510.0","-15.0","1,120,900","100","48,300","483.00","-","3,479.00","3,329.20","3,378.26","1,753,900","1,352,388","1,285,969"
"2021/05/27","3,470.0","3,530.0","3,455.0","3,525.0","+45.0","4,546,400","0","48,400","0.00","-","3,464.00","3,323.20","3,379.20","1,787,720","1,332,504","1,288,204"
"2021/05/26","3,480.0","3,520.0","3,455.0","3,480.0","+15.0","1,487,200","0","54,100","0.00","-","3,421.00","3,317.80","3,380.40","1,003,660","1,174,904","1,248,466"
"2021/05/25","3,425.0","3,465.0","3,400.0","3,465.0","+50.0","736,300","100","54,900","549.00","-","3,380.00","3,313.60","3,381.06","923,180","1,142,068","1,247,216"
"2021/05/24","3,425.0","3,440.0","3,395.0","3,415.0","-20.0","878,700","0","56,000","0.00","-","3,331.00","3,310.40","3,381.93","977,140","1,147,644","1,265,054"
"2021/05/21","3,345.0","3,435.0","3,340.0","3,435.0","+125.0","1,290,000","100","57,000","570.00","-","3,284.00","3,307.00","3,383.53","1,020,580","1,137,868","1,353,088"
"2021/05/20","3,280.0","3,335.0","3,265.0","3,310.0","+35.0","626,100","800","57,000","71.25","-","3,237.00","3,301.40","3,381.33","991,080","1,116,680","1,467,325"
"2021/05/19","3,195.0","3,280.0","3,195.0","3,275.0","+55.0","1,084,800","700","58,700","83.86","-","3,198.00","3,301.40","3,385.60","1,071,240","1,136,460","1,501,328"
"2021/05/18","3,180.0","3,225.0","3,180.0","3,220.0","+40.0","1,006,100","700","56,600","80.86","-","3,188.00","3,303.40","3,391.80","1,075,520","1,133,508","1,507,477"
"2021/05/17","3,190.0","3,200.0","3,155.0","3,180.0","-20.0","1,095,900","600","57,100","95.17","-","3,196.00","3,308.60","3,399.60","1,110,080","1,135,084","1,513,542"
"2021/05/14","3,125.0","3,225.0","3,125.0","3,200.0","+85.0","1,142,500","2,200","58,700","26.68","-","3,236.00","3,316.40","3,409.20","1,054,400","1,124,660","1,520,280"
"2021/05/13","3,215.0","3,235.0","3,110.0","3,115.0","-110.0","1,026,900","2,200","58,100","26.41","-","3,264.00","3,325.80","3,418.06","1,001,280","1,105,920","1,528,198"
"2021/05/12","3,275.0","3,300.0","3,205.0","3,225.0","-35.0","1,106,200","2,200","59,300","26.95","-","3,306.00","3,341.60","3,427.80","1,075,660","1,094,164","1,532,793"
"2021/05/11","3,320.0","3,325.0","3,245.0","3,260.0","-120.0","1,178,900","3,800","59,800","15.74","-","3,334.00","3,350.40","3,438.00","1,203,420","1,102,532","1,533,974"
"2021/05/10","3,370.0","3,395.0","3,325.0","3,380.0","+40.0","817,500","600","58,100","96.83","-","3,343.00","3,357.00","3,446.53","1,847,520","1,124,312","1,529,432"
"2021/05/07","3,330.0","3,370.0","3,325.0","3,340.0","+15.0","876,900","600","60,600","101.00","-","3,326.00","3,354.60","3,453.26","1,985,100","1,153,020","1,536,616"
"2021/05/06","3,420.0","3,425.0","3,305.0","3,325.0","-40.0","1,398,800","800","60,600","75.75","-","3,320.00","3,357.60","3,461.93","2,004,540","1,195,560","1,543,726"
"2021/04/30","3,310.0","3,390.0","3,310.0","3,365.0","+60.0","1,745,000","100","63,700","637.00","-","3,319.00","3,360.20","3,469.66","1,879,560","1,192,772","1,540,220"
"2021/04/28","3,155.0","3,380.0","3,155.0","3,305.0","+10.0","4,399,400","0","58,800","0.00","-","3,320.00","3,363.00","3,476.53","1,755,800","1,177,476","1,539,625"
"2021/04/27","3,325.0","3,350.0","3,240.0","3,295.0","-15.0","1,505,400","9,600","60,500","6.30","-","3,310.00","3,364.80","3,484.40","1,076,680","1,042,732","1,497,714"
"2021/04/26","3,315.0","3,335.0","3,240.0","3,310.0","-10.0","974,100","8,000","60,700","7.59","-","3,321.00","3,367.80","3,491.06","947,960","1,010,804","1,492,961"
"2021/04/23","3,320.0","3,350.0","3,280.0","3,320.0","-50.0","773,900","8,100","60,000","7.41","-","3,331.00","3,371.60","3,496.26","877,900","1,016,684","1,492,464"
"2021/04/22","3,265.0","3,370.0","3,265.0","3,370.0","+115.0","1,126,200","11,400","59,400","5.21","-","3,345.00","3,375.80","3,502.00","844,400","1,083,528","1,497,900"
"2021/04/21","3,300.0","3,310.0","3,240.0","3,255.0","-95.0","1,003,800","24,700","59,000","2.39","-","3,346.00","3,377.20","3,508.20","752,420","1,113,884","1,498,058"
"2021/04/20","3,330.0","3,365.0","3,290.0","3,350.0","-10.0","861,800","17,200","59,300","3.45","-","3,372.00","3,380.20","3,514.06","726,800","1,127,620","1,500,814"
"2021/04/19","3,390.0","3,405.0","3,360.0","3,360.0","-30.0","623,800","8,300","58,000","6.99","-","3,368.00","3,378.20","3,518.73","681,300","1,145,024","1,507,553"
"2021/04/16","3,380.0","3,400.0","3,360.0","3,390.0","+15.0","606,400","8,300","57,400","6.92","-","3,355.00","3,377.00","3,522.60","708,600","1,194,060","1,509,953"
"2021/04/15","3,360.0","3,395.0","3,350.0","3,375.0","-10.0","666,300","9,400","57,300","6.10","-","3,339.00","3,375.00","3,525.60","811,440","1,252,020","1,508,678"
"2021/04/14","3,365.0","3,405.0","3,360.0","3,385.0","+55.0","875,700","8,400","57,600","6.86","-","3,329.00","3,369.80","3,528.66","880,380","1,317,364","1,509,286"
"2021/04/13","3,295.0","3,350.0","3,285.0","3,330.0","+35.0","634,300","8,000","59,500","7.44","-","3,322.00","3,361.60","3,531.93","914,340","1,367,096","1,517,588"
"2021/04/12","3,320.0","3,330.0","3,280.0","3,295.0","-15.0","760,300","8,100","59,600","7.36","-","3,331.00","3,357.40","3,533.66","954,540","1,408,012","1,521,538"
"2021/04/09","3,345.0","3,370.0","3,290.0","3,310.0","-15.0","1,120,600","7,400","60,400","8.16","-","3,359.00","3,353.00","3,536.80","937,280","1,427,940","1,523,156"
"2021/04/08","3,400.0","3,400.0","3,325.0","3,325.0","-25.0","1,011,000","7,700","59,200","7.69","-","3,399.00","3,349.40","3,539.73","859,760","1,442,476","1,527,510"
"2021/04/07","3,370.0","3,435.0","3,330.0","3,350.0","-25.0","1,045,500","2,400","58,200","24.25","-","3,423.00","3,346.40","3,541.93","920,640","1,466,408","1,530,404"
"2021/04/06","3,475.0","3,475.0","3,375.0","3,375.0","-60.0","835,300","100","58,500","585.00","-","3,438.00","3,343.00","3,541.86","1,056,220","1,499,544","1,526,441"
"2021/04/05","3,520.0","3,525.0","3,435.0","3,435.0","-75.0","674,000","200","58,500","292.50","-","3,427.00","3,342.60","3,541.93","1,196,200","1,509,192","1,527,345"
"2021/04/02","3,510.0","3,525.0","3,475.0","3,510.0","+65.0","733,000","100","56,800","568.00","-","3,423.00","3,339.60","3,541.46","1,449,480","1,534,368","1,526,884"
"2021/04/01","3,480.0","3,485.0","3,405.0","3,445.0","+20.0","1,315,400","500","59,200","118.40","-","3,399.00","3,331.60","3,540.46","1,568,700","1,585,932","1,535,476"
"2021/03/31","3,285.0","3,440.0","3,280.0","3,425.0","+105.0","1,723,400","400","62,300","155.75","-","3,397.00","3,331.00","3,539.46","1,578,140","1,574,248","1,538,449"
"2021/03/30","3,395.0","3,410.0","3,310.0","3,320.0","-95.0","1,535,200","400","62,100","155.25","-","3,382.00","3,330.80","3,539.66","1,439,620","1,566,112","1,527,028"
"2021/03/29","3,430.0","3,460.0","3,385.0","3,415.0","+25.0","1,940,400","100","63,300","633.00","-","3,392.00","3,340.60","3,541.40","1,274,020","1,549,632","1,517,862"
"2021/03/26","3,435.0","3,445.0","3,380.0","3,390.0","-45.0","1,329,100","0","63,500","0.00","-","3,390.00","3,347.60","3,542.20","1,110,160","1,504,472","1,501,978"
"2021/03/25","3,350.0","3,450.0","3,350.0","3,435.0","+85.0","1,362,600","0","63,000","0.00","-","3,397.00","3,358.20","3,543.60","1,333,340","1,490,944","1,499,284"
"2021/03/24","3,370.0","3,420.0","3,345.0","3,350.0","-20.0","1,030,800","1,300","73,300","56.38","-","3,391.00","3,366.20","3,544.13","1,437,840","1,470,912","1,490,642"
"2021/03/23","3,425.0","3,430.0","3,365.0","3,370.0","-35.0","707,200","1,300","77,900","59.92","-","3,387.00","3,376.60","3,545.60","1,501,120","1,482,432","1,491,396"
"2021/03/22","3,425.0","3,435.0","3,365.0","3,405.0","-20.0","1,121,100","1,700","78,300","46.06","-","3,373.00","3,386.80","3,546.86","1,619,060","1,474,600","1,500,633"
"2021/03/19","3,405.0","3,435.0","3,345.0","3,425.0","+20.0","2,445,000","1,800","78,600","43.67","-","3,358.00","3,395.20","3,548.46","1,764,780","1,457,380","1,515,109"
"2021/03/18","3,355.0","3,460.0","3,340.0","3,405.0","+75.0","1,885,100","1,900","78,700","41.42","-","3,341.00","3,402.20","3,549.60","1,686,860","1,402,360","1,499,674"
"2021/03/17","3,250.0","3,360.0","3,240.0","3,330.0","+30.0","1,347,200","2,500","78,000","31.20","-","3,309.00","3,408.80","3,550.60","1,769,820","1,376,144","1,486,944"
"2021/03/16","3,315.0","3,340.0","3,280.0","3,300.0","-30.0","1,296,900","3,200","81,900","25.59","-","3,279.00","3,417.60","3,551.86","1,924,180","1,365,644","1,486,020"
"2021/03/15","3,355.0","3,380.0","3,285.0","3,330.0","-10.0","1,849,700","2,200","84,600","38.45","-","3,264.00","3,427.40","3,553.93","1,996,240","1,360,496","1,481,417"
"2021/03/12","3,265.0","3,360.0","3,240.0","3,340.0","+95.0","2,055,400","2,200","66,600","30.27","-","3,235.00","3,437.40","3,554.80","1,878,000","1,338,048","1,466,705"
"2021/03/11","3,160.0","3,245.0","3,125.0","3,245.0","+65.0","2,299,900","2,000","61,200","30.60","-","3,211.00","3,448.40","3,556.13","1,763,720","1,318,476","1,456,925"
"2021/03/10","3,245.0","3,285.0","3,150.0","3,180.0","-45.0","2,119,000","1,800","60,300","33.50","-","3,212.00","3,459.80","3,557.73","1,625,600","1,282,216","1,437,873"
"2021/03/09","3,185.0","3,245.0","3,115.0","3,225.0","+40.0","1,657,200","1,700","59,000","34.71","-","3,229.00","3,473.80","3,560.33","1,576,580","1,280,424","1,427,802"
"2021/03/08","3,255.0","3,275.0","3,170.0","3,185.0","-35.0","1,258,500","1,800","60,200","33.44","-","3,257.00","3,486.20","3,563.06","1,460,440","1,513,384","1,423,577"
"2021/03/05","3,205.0","3,240.0","3,180.0","3,220.0","-30.0","1,484,000","2,200","59,000","26.82","-","3,292.00","3,489.60","3,566.86","1,469,420","1,857,356","1,422,466"
"2021/03/04","3,160.0","3,260.0","3,145.0","3,250.0","-15.0","1,609,300","1,700","58,700","34.53","-","3,310.00","3,506.00","3,569.73","1,577,040","1,925,048","1,419,980"
"2021/03/03","3,310.0","3,320.0","3,235.0","3,265.0","-100.0","1,873,900","32,600","59,200","1.82","-","3,346.00","3,525.60","3,571.46","1,459,840","1,922,516","1,418,460"
"2021/03/02","3,395.0","3,395.0","3,330.0","3,365.0","+5.0","1,076,500","500","57,400","114.80","-","3,377.00","3,547.20","3,572.40","1,389,060","1,906,000","1,424,217"
"2021/03/01","3,380.0","3,420.0","3,315.0","3,360.0","+50.0","1,303,400","0","57,300","0.00","-","3,417.00","3,568.60","3,573.20","1,398,400","1,926,988","1,424,708"
"2021/02/26","3,360.0","3,380.0","3,295.0","3,310.0","-120.0","2,022,100","7,100","57,500","8.10","-","3,463.00","3,588.80","3,572.20","1,300,000","1,944,308","1,419,261"
"2021/02/25","3,490.0","3,490.0","3,395.0","3,430.0","+10.0","1,023,300","0","57,100","0.00","-","3,532.00","3,610.20","3,572.40","1,093,760","1,918,284","1,419,398"
"2021/02/24","3,530.0","3,585.0","3,400.0","3,420.0","-145.0","1,520,000","900","57,500","63.89","-","3,573.00","3,632.60","3,568.93","1,061,460","1,925,144","1,423,126"
"2021/02/22","3,620.0","3,640.0","3,545.0","3,565.0","-25.0","1,123,200","1,700","55,600","32.71","-","3,611.00","3,651.80","3,564.33","1,021,220","1,897,872","1,423,704"
"2021/02/19","3,640.0","3,640.0","3,585.0","3,590.0","-65.0","811,400","800","55,600","69.50","-","3,623.00","3,664.60","3,558.06","898,860","1,907,196","1,433,909"
"2021/02/18","3,640.0","3,670.0","3,625.0","3,655.0","+20.0","990,900","1,600","54,400","34.00","-","3,628.00","3,680.60","3,552.66","874,700","1,931,148","1,456,701"
"2021/02/17","3,605.0","3,655.0","3,600.0","3,635.0","+25.0","861,800","800","54,000","67.50","-","3,617.00","3,690.60","3,543.77","890,420","1,936,944","1,458,028"
"2021/02/16","3,610.0","3,635.0","3,605.0","3,610.0","-15.0","1,318,800","1,300","57,700","44.38","-","3,604.00","3,700.40","3,534.66","964,000","1,970,488","1,457,908"
"2021/02/15","3,630.0","3,635.0","3,600.0","3,625.0","+10.0","511,400","300","60,500","201.67","-","3,592.00","3,711.80","3,525.81","917,180","1,967,980","1,448,980"
"2021/02/12","3,655.0","3,665.0","3,600.0","3,615.0","+15.0","690,600","0","57,900","0.00","-","3,576.00","3,718.60","3,517.54","1,048,540","1,993,480","1,453,476"
"2021/02/10","3,600.0","3,635.0","3,565.0","3,600.0","+30.0","1,069,500","200","59,400","297.00","-","3,569.00","3,722.00","3,509.68","1,168,120","2,003,328","1,457,648"
"2021/02/09","3,550.0","3,575.0","3,540.0","3,570.0","+20.0","1,229,700","200","61,000","305.00","-","3,572.00","3,728.00","3,503.28","1,267,440","2,007,812","1,452,180"
"2021/02/08","3,545.0","3,580.0","3,515.0","3,550.0","+5.0","1,084,700","100","52,900","529.00","-","3,564.00","3,738.60","3,497.48","1,300,180","2,004,148","1,444,070"
"2021/02/05","3,550.0","3,575.0","3,515.0","3,545.0","-35.0","1,168,200","0","49,500","0.00","-","3,560.00","3,744.40","3,492.48","1,498,080","2,009,180","1,438,032"
"2021/02/04","3,570.0","3,610.0","3,565.0","3,580.0","-35.0","1,288,500","1,200","47,900","39.92","-","3,558.00","3,750.60","3,486.88","2,760,680","2,017,140","1,432,285"
"2021/02/03","3,600.0","3,655.0","3,565.0","3,615.0","+85.0","1,566,100","100","51,200","512.00","-","3,496.00","3,753.40","3,481.21","4,474,540","1,997,752","1,425,540"
"2021/02/02","3,535.0","3,570.0","3,510.0","3,530.0","0.0","1,393,400","300","41,800","139.33","-","3,499.00","3,753.40","3,475.54","4,796,580","1,955,540","1,416,736"
"2021/02/01","3,545.0","3,640.0","3,505.0","3,530.0","-5.0","2,074,200","100","40,000","400.00","-","3,541.00","3,756.40","3,470.68","4,827,100","1,928,280","1,408,114"
"2021/01/29","3,545.0","3,620.0","3,500.0","3,535.0","+265.0","7,481,200","400","40,400","101.00","-","3,596.00","3,760.40","3,465.48","4,704,460","1,905,244","1,391,389"
"2021/01/28","3,500.0","3,615.0","3,270.0","3,270.0","-360.0","9,857,800","100","39,300","393.00","-","3,669.00","3,757.40","3,461.28","3,528,460","1,643,220","1,302,344"
"2021/01/27","3,760.0","3,765.0","3,600.0","3,630.0","-110.0","3,176,300","700","36,600","52.29","-","3,788.00","3,767.80","3,460.74","1,904,180","1,284,172","1,187,588"
"2021/01/26","3,750.0","3,800.0","3,740.0","3,740.0","-65.0","1,546,000","600","30,000","50.00","-","3,831.00","3,763.80","3,453.88","1,543,220","1,215,008","1,157,465"
"2021/01/25","3,885.0","3,890.0","3,765.0","3,805.0","-95.0","1,461,000","3,200","21,100","6.59","-","3,881.00","3,753.80","3,445.01","1,472,980","1,202,288","1,144,389"
"2021/01/22","3,810.0","3,935.0","3,795.0","3,900.0","+35.0","1,601,200","900","11,000","12.22","-","3,900.00","3,735.40","3,435.48","1,348,420","1,173,780","1,135,958"
"2021/01/21","3,895.0","3,905.0","3,825.0","3,865.0","+20.0","1,736,400","700","11,200","16.00","-","3,897.00","3,714.60","3,424.34","1,299,440","1,145,856","1,127,832"
"2021/01/20","3,955.0","3,975.0","3,835.0","3,845.0","-145.0","1,371,500","600","10,300","17.17","-","3,922.00","3,696.00","3,414.08","1,234,200","1,101,976","1,104,680"
"2021/01/19","3,940.0","3,995.0","3,930.0","3,990.0","+90.0","1,194,800","600","8,200","13.67","-","3,934.00","3,679.60","3,404.08","1,187,060","1,102,212","1,102,164"
"2021/01/18","3,855.0","3,945.0","3,850.0","3,900.0","+15.0","838,200","700","8,100","11.57","-","3,912.00","3,654.80","3,393.48","1,288,180","1,115,956","1,096,876"
"2021/01/15","3,950.0","3,965.0","3,885.0","3,885.0","-105.0","1,356,300","700","57,200","81.71","-","3,911.00","3,636.40","3,383.88","1,371,760","1,117,100","1,104,284"
"2021/01/14","3,910.0","4,050.0","3,895.0","3,990.0","+85.0","1,410,200","10,800","7,900","0.73","-","3,893.00","3,619.00","3,375.08","1,330,280","1,096,760","1,099,786"
"2021/01/13","3,825.0","3,930.0","3,815.0","3,905.0","+25.0","1,135,800","22,800","8,900","0.39","-","3,835.00","3,598.40","3,364.68","1,235,600","1,070,316","1,091,785"
"2021/01/12","3,900.0","3,910.0","3,815.0","3,880.0","-15.0","1,700,400","11,400","7,700","0.68","-","3,804.00","3,582.00","3,355.41","1,244,760","1,069,964","1,094,525"
"2021/01/08","3,800.0","3,900.0","3,765.0","3,895.0","+100.0","1,256,100","14,700","6,800","0.46","-","3,795.00","3,565.80","3,345.74","1,132,300","1,030,528","1,092,718"
"2021/01/07","3,710.0","3,815.0","3,685.0","3,795.0","+95.0","1,148,900","16,700","7,900","0.47","-","3,755.00","3,548.40","3,334.34","1,123,180","1,023,776","1,090,142"
"2021/01/06","3,730.0","3,810.0","3,700.0","3,700.0","-50.0","936,800","15,200","7,100","0.47","-","3,736.00","3,535.20","3,323.62","1,166,840","1,033,820","1,087,300"
"2021/01/05","3,775.0","3,820.0","3,740.0","3,750.0","-85.0","1,181,600","14,400","5,700","0.40","-","3,726.00","3,528.20","3,312.89","1,140,240","1,084,620","1,088,352"
"2021/01/04","3,705.0","3,835.0","3,695.0","3,835.0","+140.0","1,138,100","27,100","5,000","0.18","-","3,699.00","3,518.60","3,300.77","1,006,080","1,088,852","1,082,504"
"2020/12/30","3,690.0","3,735.0","3,660.0","3,695.0","-5.0","1,210,500","23,300","5,100","0.22","-","3,653.00","3,504.40","3,287.17","920,840","1,080,540","1,077,829"
"2020/12/29","3,645.0","3,730.0","3,635.0","3,700.0","+50.0","1,367,200","20,100","4,400","0.22","-","3,640.00","3,493.60","3,275.38","978,400","1,083,236","1,073,776"
"2020/12/28","3,630.0","3,700.0","3,600.0","3,650.0","+35.0","803,800","22,500","6,900","0.31","-","3,592.00","3,483.80","3,263.24","891,080","1,066,616","1,070,594"
"2020/12/25","3,600.0","3,630.0","3,570.0","3,615.0","+10.0","510,800","2,100","7,200","3.43","-","3,568.00","3,473.60","3,251.92","906,640","1,064,316","1,072,465"
"2020/12/24","3,605.0","3,605.0","3,545.0","3,605.0","-25.0","711,900","10,800","3,200","0.30","-","3,551.00","3,466.60","3,240.57","1,093,920","1,096,760","1,076,786"
"2020/12/23","3,510.0","3,660.0","3,490.0","3,630.0","+170.0","1,498,300","9,300","4,400","0.47","-","3,528.00","3,457.00","3,229.97","1,197,140","1,103,124","1,083,988"
"2020/12/22","3,510.0","3,525.0","3,445.0","3,460.0","-70.0","930,600","900","32,900","36.56","-","3,471.00","3,446.80","3,220.01","1,047,140","1,097,740","1,077,573"
"2020/12/21","3,535.0","3,555.0","3,505.0","3,530.0","0.0","881,600","3,200","6,100","1.91","-","3,455.00","3,445.60","3,212.66","1,041,640","1,114,128","1,082,873"
"2020/12/18","3,550.0","3,565.0","3,490.0","3,530.0","+40.0","1,447,200","4,000","5,900","1.48","-","3,429.00","3,443.20","3,203.46","993,200","1,125,872","1,089,893"
"2020/12/17","3,380.0","3,510.0","3,360.0","3,490.0","+145.0","1,228,000","700","5,900","8.43","-","3,410.00","3,439.40","3,193.98","979,240","1,119,884","1,090,728"
"2020/12/16","3,420.0","3,420.0","3,325.0","3,345.0","-35.0","748,300","600","7,900","13.17","-","3,386.00","3,435.00","3,185.18","1,041,320","1,130,576","1,091,624"
"2020/12/15","3,425.0","3,455.0","3,375.0","3,380.0","-20.0","903,100","1,300","6,100","4.69","-","3,405.00","3,434.60","3,178.89","1,065,020","1,192,872","1,095,138"
"2020/12/14","3,440.0","3,475.0","3,390.0","3,400.0","-35.0","639,400","1,000","5,700","5.70","-","3,419.00","3,436.40","3,172.30","1,053,960","1,201,280","1,094,240"
"2020/12/11","3,370.0","3,440.0","3,365.0","3,435.0","+65.0","1,377,400","700","5,200","7.43","-","3,434.00","3,431.80","3,166.06","1,075,900","1,211,500","1,099,330"
"2020/12/10","3,370.0","3,400.0","3,300.0","3,370.0","-70.0","1,538,400","800","5,900","7.38","-","3,446.00","3,427.40","3,159.72","1,025,820","1,237,700","1,092,801"
"2020/12/09","3,440.0","3,450.0","3,405.0","3,440.0","-10.0","866,800","1,100","6,300","5.73","-","3,467.00","3,419.40","3,154.66","861,040","1,228,280","1,087,429"
"2020/12/08","3,490.0","3,490.0","3,445.0","3,450.0","-25.0","847,800","6,600","28,200","4.27","-","3,471.00","3,404.80","3,148.01","905,140","1,256,140","1,093,858"
"2020/12/07","3,495.0","3,500.0","3,450.0","3,475.0","-20.0","749,100","11,000","8,000","0.73","-","3,474.00","3,390.60","3,140.70","1,015,580","1,297,772","1,095,500"
"2020/12/04","3,435.0","3,530.0","3,435.0","3,495.0","+20.0","1,127,000","11,000","6,600","0.60","-","3,484.00","3,379.00","3,132.53","1,307,120","1,368,640","1,094,606"
"2020/12/03","3,445.0","3,485.0","3,445.0","3,475.0","+15.0","714,500","10,600","15,400","1.45","-","3,487.00","3,358.72","3,123.81","1,339,200","1,367,176","1,087,206"
"2020/12/02","3,500.0","3,520.0","3,435.0","3,460.0","-5.0","1,087,300","11,100","29,100","2.62","-","3,488.00","3,337.80","3,115.49","1,382,360","1,372,708","1,089,420"
"2020/12/01","3,505.0","3,545.0","3,445.0","3,465.0","-60.0","1,400,000","24,900","13,100","0.53","-","3,481.00","3,317.24","3,107.29","1,420,480","1,355,184","1,092,705"
"2020/11/30","3,510.0","3,615.0","3,510.0","3,525.0","+15.0","2,206,800","35,300","12,100","0.34","-","3,479.00","3,298.84","3,098.32","1,330,820","1,333,128","1,096,289"
"2020/11/27","3,475.0","3,535.0","3,460.0","3,510.0","+30.0","1,287,400","40,400","20,900","0.52","-","3,453.00","3,278.84","3,087.77","1,038,720","1,284,996","1,083,925"
"2020/11/26","3,420.0","3,480.0","3,410.0","3,480.0","+55.0","930,300","39,100","16,200","0.41","0.05","3,439.00","3,263.24","3,077.81","1,045,620","1,259,876","1,082,952"
"2020/11/25","3,485.0","3,515.0","3,425.0","3,425.0","-30.0","1,277,900","39,200","8,900","0.23","0.05","3,416.00","3,249.44","3,068.12","1,033,760","1,247,524","1,089,448"
"2020/11/24","3,480.0","3,505.0","3,435.0","3,455.0","+60.0","951,700","31,100","15,700","0.50","-","3,406.00","3,239.44","3,059.38","1,050,920","1,221,680","1,095,692"
"2020/11/20","3,450.0","3,465.0","3,375.0","3,395.0","-45.0","746,300","30,600","13,400","0.44","-","3,401.00","3,226.24","3,051.32","1,128,640","1,213,100","1,100,969"
"2020/11/19","3,335.0","3,440.0","3,330.0","3,440.0","+75.0","1,321,900","34,000","13,400","0.39","-","3,416.00","3,216.64","3,043.84","1,214,420","1,214,552","1,103,181"
"2020/11/18","3,335.0","3,390.0","3,325.0","3,365.0","-10.0","871,000","37,300","14,500","0.39","-","3,415.00","3,206.64","3,034.98","1,209,540","1,197,908","1,113,060"
"2020/11/17","3,380.0","3,400.0","3,310.0","3,375.0","-55.0","1,363,700","36,800","11,600","0.32","-","3,418.00","3,198.64","3,027.49","1,334,400","1,192,940","1,152,469"
"2020/11/16","3,450.0","3,465.0","3,420.0","3,430.0","-40.0","1,340,300","46,800","16,700","0.36","-","3,410.00","3,189.24","3,020.82","1,522,800","1,171,184","1,155,686"
"2020/11/13","3,455.0","3,475.0","3,410.0","3,470.0","+35.0","1,175,200","47,400","11,700","0.25","0.05","3,409.00","3,180.84","3,012.46","1,477,400","1,149,684","1,151,880"
"2020/11/12","3,450.0","3,495.0","3,400.0","3,435.0","+55.0","1,297,500","40,400","13,900","0.34","-","3,372.00","3,171.24","3,003.58","1,421,340","1,152,720","1,153,197"
"2020/11/11","3,330.0","3,395.0","3,295.0","3,380.0","+45.0","1,495,300","38,100","12,000","0.31","0.05","3,350.00","3,158.44","2,995.30","1,568,320","1,137,504","1,150,464"
"2020/11/10","3,255.0","3,400.0","3,205.0","3,335.0","-90.0","2,305,700","43,200","16,700","0.39","-","3,308.00","3,146.24","2,988.14","1,529,840","1,100,304","1,153,341"
"2020/11/09","3,330.0","3,435.0","3,320.0","3,425.0","+140.0","1,113,300","42,500","7,200","0.17","0.10","3,256.00","3,136.44","2,981.33","1,381,360","1,041,224","1,137,282"
"2020/11/06","3,300.0","3,310.0","3,260.0","3,285.0","-40.0","894,900","24,400","5,900","0.24","-","3,190.00","3,122.04","2,973.20","1,536,420","1,036,360","1,141,530"
"2020/11/05","3,240.0","3,370.0","3,240.0","3,325.0","+155.0","2,032,400","26,800","1,400","0.05","-","3,170.00","3,114.44","2,966.88","1,861,600","1,000,564","1,151,148"
"2020/11/04","3,090.0","3,190.0","3,060.0","3,170.0","+95.0","1,302,900","3,000","9,400","3.13","-","3,102.60","3,105.24","2,961.02","1,673,200","966,580","1,142,057"
"2020/11/02","3,065.0","3,145.0","3,030.0","3,075.0","-20.0","1,563,300","1,800","8,500","4.72","-","3,059.00","3,106.24","2,957.22","1,583,180","946,392","1,135,292"
"2020/10/30","3,160.0","3,185.0","3,050.0","3,095.0","-90.0","1,888,600","2,800","8,100","2.89","-","3,033.20","3,110.44","2,955.08","1,400,360","939,612","1,125,166"
"2020/10/29","3,320.0","3,340.0","3,160.0","3,185.0","+197.0","2,520,800","2,400","7,100","2.96","-","3,015.20","3,115.64","2,952.44","1,192,360","904,828","1,111,476"
"2020/10/28","2,902.0","3,015.0","2,901.0","2,988.0","+36.0","1,090,400","4,300","14,800","3.44","-","2,983.20","3,116.64","2,949.04","888,900","836,400","1,093,438"
"2020/10/27","2,930.0","2,960.0","2,888.0","2,952.0","+6.0","852,800","1,100","16,500","15.00","-","3,009.60","3,125.52","2,948.14","802,700","846,436","1,096,317"
"2020/10/26","3,005.0","3,010.0","2,944.0","2,946.0","-59.0","649,200","1,600","9,000","5.63","-","3,046.20","3,133.64","2,948.24","756,440","874,920","1,095,758"
"2020/10/23","3,010.0","3,025.0","2,985.0","3,005.0","-20.0","848,600","2,900","12,800","4.41","-","3,092.00","3,137.40","2,947.84","752,960","891,468","1,097,017"
"2020/10/22","3,090.0","3,100.0","3,025.0","3,025.0","-95.0","1,003,500","2,500","37,400","14.96","-","3,116.00","3,136.84","2,946.66","730,680","894,952","1,096,729"
"2020/10/21","3,160.0","3,160.0","3,110.0","3,120.0","-15.0","659,400","35,100","10,700","0.30","-","3,142.00","3,131.64","2,944.68","686,500","895,440","1,096,016"
"2020/10/20","3,195.0","3,210.0","3,125.0","3,135.0","-40.0","621,500","33,200","13,000","0.39","-","3,156.00","3,120.48","2,941.21","735,780","898,784","1,102,925"
"2020/10/19","3,155.0","3,200.0","3,130.0","3,175.0","+50.0","631,800","27,600","11,500","0.42","-","3,162.00","3,107.68","2,938.44","760,840","905,424","1,111,386"
"2020/10/16","3,160.0","3,180.0","3,110.0","3,125.0","-30.0","737,200","33,300","13,500","0.41","-","3,155.00","3,093.12","2,935.61","798,440","916,412","1,114,301"
"2020/10/15","3,170.0","3,195.0","3,120.0","3,155.0","-35.0","782,600","33,600","17,900","0.53","-","3,174.00","3,079.68","2,933.94","811,560","932,068","1,120,253"
"2020/10/14","3,160.0","3,230.0","3,155.0","3,190.0","+25.0","905,800","34,100","15,400","0.45","-","3,189.00","3,065.52","2,930.94","905,260","938,528","1,124,365"
"2020/10/13","3,205.0","3,205.0","3,150.0","3,165.0","+25.0","746,800","32,500","22,400","0.69","-","3,174.00","3,048.48","2,927.38","907,520","935,692","1,125,201"
"2020/10/12","3,225.0","3,225.0","3,125.0","3,140.0","-80.0","819,800","30,300","23,000","0.76","-","3,156.00","3,034.28","2,924.17","871,220","955,900","1,132,716"
"2020/10/09","3,215.0","3,225.0","3,150.0","3,220.0","-10.0","802,800","27,100","17,200","0.63","-","3,146.00","3,024.00","2,921.18","873,000","963,796","1,135,629"
"2020/10/08","3,140.0","3,255.0","3,125.0","3,230.0","+115.0","1,251,100","39,700","16,900","0.43","-","3,115.00","3,011.56","2,916.49","910,780","984,808","1,148,048"
"2020/10/07","3,130.0","3,165.0","3,095.0","3,115.0","+40.0","917,100","49,000","12,200","0.25","-","3,088.00","2,995.96","2,911.54","660,560","991,088","1,144,892"
"2020/10/06","3,115.0","3,130.0","3,070.0","3,075.0","-15.0","565,300","39,200","17,300","0.44","-","3,084.00","2,984.12","2,907.49","713,700","1,014,796","1,151,736"
"2020/10/05","3,050.0","3,105.0","3,010.0","3,090.0","+25.0","828,700","55,800","17,800","0.32","0.05","3,108.00","2,974.32","2,904.34","760,280","1,043,992","1,162,310"
"2020/10/02","3,115.0","3,135.0","3,045.0","3,065.0","0.0","991,700","67,800","11,200","0.17","0.05","3,126.00","2,965.64","2,900.44","873,300","1,051,320","1,168,037"
"2020/10/01","-","-","-","-","-","0","95,700","11,700","0.12","0.05","3,158.00","2,958.48","2,897.49","878,760","1,045,080","1,178,073"
"2020/09/30","3,185.0","3,195.0","3,090.0","3,095.0","-100.0","1,182,800","95,700","11,700","0.12","0.05","3,181.00","2,951.96","2,893.94","1,040,780","1,085,928","1,200,185"
"2020/09/29","3,140.0","3,220.0","3,125.0","3,195.0","+15.0","798,200","137,000","13,000","0.09","0.05","3,204.00","2,946.52","2,889.80","1,072,480","1,074,124","1,200,356"
"2020/09/28","3,255.0","3,265.0","3,140.0","3,180.0","-45.0","1,393,800","148,700","13,700","0.09","1.45","3,196.00","2,938.36","2,883.74","1,225,820","1,087,616","1,208,677"
"2020/09/25","3,195.0","3,240.0","3,175.0","3,225.0","+15.0","1,019,000","123,500","13,500","0.11","0.05","3,168.00","2,928.80","2,877.41","1,159,640","1,085,824","1,209,744"
"2020/09/24","3,215.0","3,240.0","3,200.0","3,210.0","0.0","810,100","122,700","15,000","0.12","0.05","3,121.20","2,915.88","2,870.28","1,142,980","1,083,900","1,213,877"
"2020/09/23","3,215.0","3,245.0","3,155.0","3,210.0","+55.0","1,341,300","74,200","9,700","0.13","0.05","3,058.20","2,901.96","2,864.17","1,184,100","1,078,780","1,226,152"
"2020/09/18","3,020.0","3,165.0","3,005.0","3,155.0","+115.0","1,564,900","70,900","13,600","0.19","0.05","2,984.40","2,887.20","2,857.96","1,064,440","1,048,008","1,230,940"
"2020/09/17","2,974.0","3,050.0","2,966.0","3,040.0","+49.0","1,062,900","72,700","9,000","0.12","0.05","2,916.40","2,875.04","2,853.45","908,960","1,020,632","1,231,033"
"2020/09/16","2,938.0","2,992.0","2,922.0","2,991.0","+96.0","935,700","59,200","12,600","0.21","-","2,870.60","2,867.24","2,850.62","877,680","1,031,464","1,235,390"
"2020/09/15","2,881.0","2,921.0","2,881.0","2,895.0","+54.0","1,015,700","12,300","16,500","1.34","-","2,830.20","2,859.28","2,848.72","916,260","1,060,788","1,288,937"
"2020/09/14","2,811.0","2,848.0","2,810.0","2,841.0","+26.0","743,000","11,700","16,900","1.44","-","2,811.40","2,852.84","2,846.22","901,940","1,071,340","1,302,124"
"2020/09/11","2,825.0","2,825.0","2,789.0","2,815.0","+4.0","787,500","11,700","16,700","1.43","-","2,796.00","2,849.72","2,843.46","920,320","1,090,196","1,309,542"
