date,code,position,pl_lc,pl_atr,x1,x2,x3,x4,x5,x6,x7,x8
2016/07/14,8194,l,-1.0,-1.0,2.347826086956522,3.058547092226356,1,4,0,0,0,0.0006635274895681056
2019/11/01,8194,s,-0.9999999999999987,-0.9999999999999987,2.3130300693909023,1.1037155615468868,12,47,9,0,1,-0.0085728467346853
2020/07/13,8194,l,2.409448818897638,2.409448818897638,2.204724409448819,7.522419186652764,3,0,3,1,1,0.013503322669745962
2020/09/16,8194,l,0.8711256117455138,0.8711256117455138,3.2626427406199023,6.0900916185951814,8,27,6,0,1,-0.001264555067194937
2015/04/27,6436,l,2.105090311986861,2.105090311986861,3.61247947454844,5.281926811053025,14,0,1,0,0,0.002185809818561721
2015/07/30,6436,l,-0.587962962962965,-0.587962962962965,2.2916666666666665,1.5891442050303464,9,21,5,0,1,0.007274819225421416
2016/02/04,6436,l,1.4740651387213488,1.4740651387213488,2.55729794933655,2.3574198429963116,8,31,1,0,1,-0.006988438886061189
2016/04/26,6436,s,-0.999999999999999,-0.999999999999999,2.3629719853836786,1.3877191879831563,15,44,8,0,1,-0.004629772984007269
2016/07/29,6436,s,0.6582278481012658,0.6582278481012658,2.1265822784810124,2.3125332665393405,11,1,2,0,0,-0.007110586738719308
2019/01/04,6436,s,-0.9999999999999977,-0.9999999999999977,2.231985940246046,1.6645147239550115,3,2,1,0,1,-0.01796873009282642
2019/05/07,6436,s,-1.0000000000000042,-1.0000000000000042,2.2573363431151243,1.4424091301428983,1,59,0,0,0,-0.0033393639259741282
2020/02/25,6436,s,0.17028380634390347,0.17028380634390347,3.33889816360601,2.120620526061675,2,0,1,0,1,-0.018701623227521346
2020/03/13,6436,s,-1.000000000000001,-1.000000000000001,2.706359945872801,1.5941952967916775,1,0,0,0,0,-0.020267645421810664
2020/03/23,6436,l,-1.0000000000000018,-1.0000000000000018,2.1852970795568982,2.2364842502122517,5,55,4,0,1,0.0010717200623698764
2020/09/23,6436,s,-0.7238723872387258,-0.7238723872387258,2.2002200220022,1.4160382617880931,3,57,2,0,1,-0.004897625458577153
2020/10/06,6436,l,-0.26976744186046514,-0.26976744186046514,2.511627906976744,2.1568679779029116,8,0,0,0,1,0.004629776588507117
2021/07/28,6436,s,2.503735325506941,2.503735325506941,2.134471718249733,5.058597326496979,7,23,1,1,1,-0.010555154732426115
2015/10/28,4816,l,1.6490156143923977,1.6490156143923977,3.705023761031907,13.75381485249237,11,0,1,0,0,0.0026575008627556748
2016/01/13,4816,l,0.19741991592984337,0.19741991592984337,2.439483983185969,2.100342785914615,2,43,1,1,1,0.013366660936549006
2016/02/01,4816,s,-0.030740318142156706,-0.030740318142156706,2.550506745419156,2.78580814717477,15,4,5,0,0,0.01034917771701588
2016/03/23,4816,l,-0.2541464022945517,-0.2541464022945517,2.9105873550317996,2.161879895561358,5,23,5,0,1,0.0010393845810934752
2016/10/25,4816,l,-0.11235319088722306,-0.11235319088722306,2.077260506579881,7.471590909090909,9,6,2,0,0,0.0037256838350233296
2017/09/08,4816,l,-1.0000000000000007,-1.0000000000000007,2.098721166487391,1.4906832298136645,6,3,0,0,0,-0.005081323866343102
2018/01/29,4816,l,-1.0000000000000029,-1.0000000000000029,3.487966515521452,30.921348314606742,11,0,10,0,0,0.0031846810325711875
2018/03/28,4816,s,-1.0000000000000009,-1.0000000000000009,2.9358137242823723,6.91588785046729,19,15,18,0,1,-0.01990259563584918
2020/02/03,4816,s,-1.0,-1.0,2.7106227106227108,3.7777984553828974,1,10,0,0,0,-0.014260178115403538
2021/09/06,4816,l,1.3069082672706682,1.3069082672706682,2.2650056625141564,3.0858186244674375,1,0,0,0,0,0.012809275988040438
2016/06/28,3028,s,-1.0,-1.0,2.066666666666667,1.541320293398533,13,0,9,0,1,-0.014011173666048085
2018/11/09,3028,s,-1.0000000000000033,-1.0000000000000033,2.1314387211367674,1.733057026632896,13,7,4,0,0,-0.0006941813285232903
2019/02/04,3028,s,-0.999999999999997,-0.999999999999997,2.6143790849673203,1.5890016785228998,4,2,1,0,0,0.0020929951766347483
2019/08/08,3028,l,4.004618937644344,4.004618937644344,3.3718244803695154,5.928038245408035,14,35,0,0,0,0.000620474387519134
2020/08/03,3028,l,-0.6979166666666655,-0.6979166666666655,2.8125,1.234894010433864,2,58,1,1,1,0.010943344081068713
2021/01/22,3028,l,-0.2675814751286434,-0.2675814751286434,4.288164665523157,12.475009670392312,16,3,0,0,0,-0.006143229824118484
2016/08/03,7267,l,-0.3515625,-0.3515625,2.34375,1.7832688180669487,12,24,7,0,1,-0.010015587394647824
2017/01/06,7267,s,-0.9999999999999964,-0.9999999999999964,2.16796875,0.9779971911307827,12,48,1,0,0,-0.00651308944509643
2017/01/31,7267,s,-0.061325420375863686,-0.061325420375863686,2.077151335311573,1.2965185553810008,14,28,1,0,1,-0.011539146619443075
2017/02/06,7267,l,-0.7012987012987046,-0.7012987012987046,2.3747680890538034,1.3188279206026794,16,9,1,0,0,0.008009218636022478
2017/03/22,7267,s,0.9930394431554567,0.9930394431554567,2.0417633410672855,1.2291025997681317,14,18,4,0,0,-0.01589545165780227
2018/02/07,7267,l,-1.0000000000000016,-1.0000000000000016,2.1243523316062176,1.9512977269600245,4,20,0,0,1,0.018095588017532395
2018/02/09,7267,s,-0.6597938144329912,-0.6597938144329912,2.0962199312714778,1.6681435710750268,5,19,1,0,0,-0.017501368150908598
2018/08/01,7267,l,0.2398190045248848,0.2398190045248848,3.167420814479638,1.2037657087832323,5,27,3,0,1,0.003922191106389506
2019/02/04,7267,s,0.19951338199513383,0.19951338199513383,2.725060827250608,1.4788392619865267,14,23,4,0,0,0.0020929951766347483
2020/02/25,7267,s,0.08940231039678188,0.08940231039678188,2.75238573581115,1.190006160794838,8,11,7,0,0,-0.018701623227521346
2020/03/13,7267,s,-1.000000000000001,-1.000000000000001,2.734107997265892,2.098451661353379,2,0,0,0,0,-0.020267645421810664
2020/08/06,7267,s,0.8199052132701437,0.8199052132701437,2.3696682464454977,1.9996980684187375,14,16,0,1,1,-0.0019160687279728456
2021/09/21,7267,s,0.10526315789473684,0.10526315789473684,2.2966507177033493,1.148441005929347,12,9,10,0,1,-0.0156983349207624
2016/07/29,6586,l,-1.0,-1.0,2.627737226277372,2.8953925930409694,16,18,10,0,1,-0.007110586738719308
2016/11/10,6586,l,0.9914529914529915,0.9914529914529915,2.5641025641025643,1.638391017143621,14,10,8,1,1,0.01915633841469791
2017/02/01,6586,s,0.8571428571428571,0.8571428571428571,2.6785714285714284,2.4760322872045926,13,15,11,0,1,-0.0060064050114119584
2017/02/10,6586,l,0.5409836065573771,0.5409836065573771,2.1311475409836067,1.6937022900763359,5,40,1,0,1,0.016346276405289673
2017/09/22,6586,s,-1.0,-1.0,2.121212121212121,1.404033097791096,10,48,0,0,0,0.003250033910833234
2018/02/01,6586,l,0.10526315789473684,0.10526315789473684,2.456140350877193,1.7961249961414592,10,2,0,1,1,0.007697972447310934
2018/02/06,6586,s,0.6592797783933518,0.6592797783933518,2.1052631578947367,1.6762844288590668,12,43,0,0,0,-0.01829990900305447
2018/03/23,6586,s,0.8266666666666667,0.8266666666666667,2.1333333333333333,1.5415448999231876,5,34,1,1,1,-0.018673128322123263
2019/08/06,6586,s,-1.0,-1.0,2.122186495176849,1.455294392424146,1,0,0,0,0,-0.019052339518414098
2020/01/07,6586,l,1.6293436293436294,1.6293436293436294,2.1621621621621623,1.7347169766361263,10,3,0,0,0,0.004967062934230088
2020/01/09,6586,l,0.2302158273381295,0.2302158273381295,2.014388489208633,1.663634709841732,3,0,1,0,0,0.014028587238135732
2020/02/03,6586,s,-1.0,-1.0,2.138364779874214,2.009616054630339,1,59,0,0,0,-0.014260178115403538
2020/03/25,6586,l,0.49837767683322637,0.49837767683322637,2.011680726800779,1.3799949766173498,8,52,7,0,0,0.019591153166946294
2021/04/26,6586,l,-1.0,-1.0,2.0809248554913293,0.9837734216620155,2,0,1,0,0,0.002579544275916842
2021/08/02,6586,l,-1.0,-1.0,2.396694214876033,1.4572179412943744,6,0,5,0,1,0.007687038252663948
2021/01/12,4434,l,1.324607329842932,1.324607329842932,3.298429319371728,6.942899769428998,12,36,2,0,0,-0.004785523879110256
2021/10/18,4434,s,1.063063063063063,1.063063063063063,2.5225225225225225,3.61127774445111,15,36,5,0,1,0.0008665699071472817
2015/08/03,5702,s,0.7192982456140341,0.7192982456140341,2.807017543859649,3.464968152866242,13,1,9,0,1,-0.0021874896770697097
2016/02/12,5702,s,0.26190476190476053,0.26190476190476053,2.380952380952381,2.212918660287081,1,0,0,0,0,-0.018272314249184865
2016/11/10,5702,l,0.8310502283105045,0.8310502283105045,2.4657534246575343,1.902003379193821,5,3,0,1,1,0.01915633841469791
2018/02/06,5702,s,0.0300751879699231,0.0300751879699231,2.0676691729323307,1.7595212775544782,1,18,0,0,0,-0.01829990900305447
2018/10/11,5702,s,0.4,0.4,2.3384615384615386,1.4569037656903765,7,8,0,0,0,-0.01968302614987475
2020/02/03,5702,s,-1.0,-1.0,2.1818181818181817,2.1933110823513386,2,0,1,0,1,-0.014260178115403538
2020/02/25,5702,s,-0.02721088435373995,-0.02721088435373995,2.0408163265306123,1.2907759882869692,4,0,3,0,1,-0.018701623227521346
2021/05/17,5702,l,-0.9999999999999984,-0.9999999999999984,2.211221122112211,3.518202834925157,1,0,0,0,0,0.008046795969444962
2015/08/25,7908,s,-0.9999999999999938,-0.9999999999999938,2.4657534246575343,2.5575708171999185,0,0,0,0,0,-0.01990326136905445
2016/09/12,7908,s,-1.0000000000000009,-1.0000000000000009,2.6016260162601625,2.4445945945945944,0,60,0,1,1,-0.01281404428684585
2017/07/24,7908,s,3.142857142857143,3.142857142857143,6.095238095238095,11.395647389656437,8,50,8,1,1,-0.006272714834761713
2017/10/31,7908,l,-1.0,-1.0,2.6666666666666665,4.743015422494272,3,0,0,0,0,-0.005196334489840952
2018/02/06,7908,s,-0.9999999999999993,-0.9999999999999993,2.6315789473684212,2.951584558042525,1,59,0,1,1,-0.01829990900305447
2018/03/14,7908,s,0.6740947075208926,0.6740947075208926,2.1727019498607243,3.519268910673107,10,30,6,0,1,-0.00924567896176715
2018/10/11,7908,s,0.5396825396825361,0.5396825396825361,2.2222222222222223,1.9703351034609047,7,2,1,0,1,-0.01968302614987475
2019/11/20,7908,l,-0.15126050420168163,-0.15126050420168163,3.5294117647058822,5.282665175781893,5,1,2,0,1,-0.004986980871648346
2020/06/12,7908,s,-1.0000000000000016,-1.0000000000000016,2.4657534246575343,1.8599686921872776,17,42,17,0,0,-0.017389381259480897
2021/09/21,7908,s,-1.0000000000000009,-1.0000000000000009,2.0370370370370368,1.0062626048190213,6,26,7,0,1,-0.0156983349207624
2015/07/09,4970,s,-0.01749271137025974,-0.01749271137025974,4.373177842565598,2.729511079845234,0,0,0,0,0,-0.015952261769897544
2015/08/25,4970,s,-0.999999999999998,-0.999999999999998,3.2537960954446854,3.2430668841761827,1,0,0,0,0,-0.01990326136905445
2015/11/18,4970,l,-1.000000000000002,-1.000000000000002,8.466257668711657,93.26188620420889,0,0,0,0,0,0.007194369207712618
2016/05/16,4970,l,-1.0000000000000018,-1.0000000000000018,3.308823529411765,6.194539249146757,10,2,4,0,1,-0.0012362747003603338
2016/06/20,4970,l,-1.0,-1.0,2.25,1.3594771241830066,1,59,0,0,1,0.015346488320899278
2016/06/22,4970,l,-1.0000000000000024,-1.0000000000000024,2.447916666666667,22.099494097807757,7,25,0,0,0,-0.004533335477339266
2017/02/13,4970,s,-0.2065217391304323,-0.2065217391304323,3.2608695652173916,5.3059701492537314,13,44,12,1,1,0.0069585885288815505
2017/03/29,4970,s,0.10843373493975629,0.10843373493975629,2.108433734939759,0.9795748228428511,12,48,11,0,1,0.000724370888309917
2017/04/18,4970,l,-1.0,-1.0,2.109090909090909,0.8790016277807922,2,57,2,0,0,0.00774273968333887
2017/04/24,4970,l,-0.9999999999999971,-0.9999999999999971,2.305295950155763,25.126582278481013,3,2,0,0,0,0.014480082703435739
2017/05/15,4970,l,-0.9999999999999976,-0.9999999999999976,2.210242587601078,3.0227894257064722,3,3,1,0,1,-0.006560081271782816
2018/02/06,4970,s,2.0931545518701475,2.0931545518701475,3.5285815102328866,2.8355814368055143,17,38,17,0,1,-0.01829990900305447
2018/02/07,4970,l,-0.9999999999999994,-0.9999999999999994,2.7498485766202303,1.4829917373108703,10,11,0,0,1,0.018095588017532395
2018/08/13,4970,l,1.0584707646176899,1.0584707646176899,2.098950524737631,3.7939420738447933,7,38,2,0,1,-0.008095315829883203
2018/10/11,4970,s,0.13507625272331253,0.13507625272331253,2.0915032679738563,1.7214890683474493,12,38,2,0,1,-0.01968302614987475
2019/10/24,4970,l,-0.10231023102310306,-0.10231023102310306,2.31023102310231,2.4160797820387603,3,0,2,0,1,0.0044224671585625375
2021/11/08,4970,s,-1.0,-1.0,3.2733224222585924,4.430432955023119,3,42,2,0,0,0.004183499895480078
2015/08/25,4582,s,-1.000000000000001,-1.000000000000001,2.5414364640883975,2.3351734578956114,1,0,0,0,0,-0.01990326136905445
2015/12/07,4582,l,-0.9999999999999982,-0.9999999999999982,2.1705426356589146,2.9451576281547465,15,34,7,0,0,0.010557061762220776
2015/12/28,4582,l,0.7067669172932314,0.7067669172932314,10.827067669172932,22.354547792389752,0,0,0,0,0,0.0037215502534489494
2016/04/19,4582,l,1.5634743875278407,1.5634743875278407,2.138084632516704,3.112080737055232,1,0,0,0,0,0.018844368531483514
2016/04/20,4582,l,-0.9999999999999991,-0.9999999999999991,2.3430962343096238,9.081225293736809,0,0,0,0,0,0.010630871305951669
2016/08/08,4582,l,-1.0000000000000007,-1.0000000000000007,2.696629213483146,5.232373039291815,7,26,0,0,0,0.01278665227060898
2018/04/10,4582,s,-0.08,-0.08,3.2,3.602475363679024,7,0,0,0,0,-0.003625290959698802
2018/08/30,4582,l,-0.9999999999999987,-0.9999999999999987,2.439024390243903,15.339220566674623,1,21,0,0,0,0.00752618803565438
2019/11/06,4582,l,-0.9999999999999987,-0.9999999999999987,3.0959752321981426,29.467205178566488,0,0,0,0,0,0.0039360071976633736
2020/02/25,4582,s,-1.000000000000001,-1.000000000000001,2.513089005235602,1.005017668499986,13,0,5,0,1,-0.018701623227521346
2020/03/02,4582,s,0.25419664268585185,0.25419664268585185,2.302158273381295,5.961912623076469,0,0,0,0,0,-0.013866081192037362
2020/08/25,4582,s,-0.19148936170212885,-0.19148936170212885,2.978723404255319,3.087022524925122,17,1,2,0,1,0.011190963350389146
2021/08/05,4582,s,-0.9999999999999996,-0.9999999999999996,2.1435228331780056,3.2016195339003546,7,13,2,0,0,-0.0020812729661458165
2016/02/05,4543,l,-0.009259259259259259,-0.009259259259259259,2.314814814814815,2.7280756542291362,5,11,4,0,1,-0.014928726857569453
2016/05/11,4543,s,-1.0,-1.0,2.326869806094183,1.4837934217429127,10,37,4,0,1,0.010354846518512767
2016/08/05,4543,l,-1.0,-1.0,2.635294117647059,2.0005686003385756,2,38,3,0,1,0.0014826307652651212
2016/11/10,4543,l,0.6666666666666666,0.6666666666666666,3.259259259259259,1.7303795512989433,6,29,0,1,1,0.01915633841469791
2019/04/05,4543,l,-0.9999999999999971,-0.9999999999999971,2.3159509202453985,1.5317282173388005,15,6,8,0,1,0.0008372861617632579
2019/05/10,4543,s,0.9397590361445783,0.9397590361445783,2.216867469879518,2.4562009285721875,5,5,0,0,1,0.0013867778580917082
2020/01/06,4543,s,0.3562676720075418,0.3562676720075418,2.33741753063148,1.5913735681485592,11,27,0,0,0,-0.014239565922773438
2020/01/08,4543,s,-0.4,-0.4,2.604651162790698,1.5347747780253351,10,23,1,1,1,-0.01519486997639943
2020/02/25,4543,s,-0.07357859531772576,-0.07357859531772576,2.608695652173913,1.3626064074272182,2,0,0,0,0,-0.018701623227521346
2020/03/13,4543,s,-0.999999999999999,-0.999999999999999,3.4589041095890414,2.928250944584383,1,0,0,0,0,-0.020267645421810664
2020/03/19,4543,l,0.3543738583316427,0.3543738583316427,2.005277044854881,2.0155637695167172,4,56,3,0,1,0.01609536933796875
2015/08/04,4768,l,0.5936599423631124,0.5936599423631124,2.3054755043227666,3.2825146525258164,2,0,0,0,0,-0.0041818931278837955
2016/10/06,4768,l,0.16216216216216217,0.16216216216216217,2.3587223587223587,2.195884906830623,13,13,12,0,1,0.0056102416042577985
2017/02/02,4768,l,-0.46994535519125685,-0.46994535519125685,3.9344262295081966,2.5591241163381446,3,0,2,0,0,0.0002459776646013139
2017/08/02,4768,s,0.5581395348837209,0.5581395348837209,2.7906976744186047,2.191586915715297,8,34,1,0,0,0.003566534022422873
2017/11/01,4768,l,2.0952380952380953,2.0952380952380953,2.857142857142857,3.391689111196614,1,0,0,0,0,0.006056349353818174
2017/11/02,4768,l,-1.0,-1.0,5.217391304347826,2.486772486772487,1,0,0,0,0,0.004107924681803033
2018/02/02,4768,l,1.669064748201439,1.669064748201439,3.237410071942446,3.4931570617260963,9,0,0,0,0,-0.005298450871600377
2018/11/01,4768,l,-1.0,-1.0,2.962962962962963,2.213085665319265,13,18,0,0,0,-0.0006409537026138718
2019/08/02,4768,s,0.6815642458100558,0.6815642458100558,2.346368715083799,3.1023131186088477,18,6,17,1,1,-0.015316380537756169
2020/02/04,4768,l,2.1416893732970026,2.1416893732970026,3.0517711171662127,4.112598554533508,15,16,5,0,0,-0.003953083631595663
2020/03/13,4768,s,-0.018018018018018018,-0.018018018018018018,2.630630630630631,1.103207677110929,1,0,0,0,0,-0.020267645421810664
2021/02/02,4768,s,0.75,0.75,2.5,2.931546137146727,10,44,5,0,1,0.004144736490804021
2015/06/29,5809,s,-1.0,-1.0,2.88,1.261759822910902,14,2,4,0,0,-0.01932662518140747
2015/08/25,5809,s,-0.9999999999999973,-0.9999999999999973,3.583815028901734,2.425937367890475,0,0,0,0,0,-0.01990326136905445
2018/02/06,5809,s,0.10084033613445283,0.10084033613445283,2.226890756302521,1.5022827984423257,2,0,0,0,0,-0.01829990900305447
2018/10/31,5809,s,-0.46607669616519043,-0.46607669616519043,2.24188790560472,2.8731557947480746,3,0,1,1,1,0.0052322543993207175
2019/07/24,5809,s,-0.22580645161290414,-0.22580645161290414,3.9516129032258065,6.063952350933635,16,29,6,0,0,0.004907293320160814
2019/10/30,5809,l,0.8292682926829268,0.8292682926829268,2.731707317073171,3.4640966472105337,1,0,0,0,0,-0.0009123305213299813
2020/03/13,5809,s,-1.000000000000001,-1.000000000000001,2.094240837696335,1.9722357412686273,1,0,0,0,0,-0.020267645421810664
2015/06/29,7826,s,0.2857142857142857,0.2857142857142857,2.2476190476190476,0.7715736040609137,11,0,0,0,0,-0.01932662518140747
2016/09/01,7826,l,-0.755401901469318,-0.755401901469318,4.148660328435609,10.46070460704607,13,3,0,0,0,-0.00013264327249911772
2018/02/01,7826,l,4.540880503144654,4.540880503144654,2.0964360587002098,15.705627705627705,0,0,0,0,0,0.007697972447310934
2018/05/10,7826,l,-1.0,-1.0,2.326530612244898,11.376146788990825,18,38,2,0,1,0.0032857510058511346
2018/11/08,7826,l,-0.5522788203753352,-0.5522788203753352,2.1983914209115283,5.063133281371785,0,0,0,0,0,0.016309574477718677
2019/05/10,7826,s,1.9186691312384474,1.9186691312384474,2.2181146025878005,5.677101653183257,9,0,8,0,1,0.0013867778580917082
2019/08/06,7826,s,-1.0,-1.0,2.154696132596685,1.1512631915574032,2,0,0,0,0,-0.019052339518414098
2019/08/08,7826,s,0.22797927461139897,0.22797927461139897,5.077720207253886,6.6699076324744775,8,0,2,0,1,0.000620474387519134
2020/02/25,7826,s,-1.0,-1.0,2.2541966426858515,1.9812842852533075,17,23,0,0,0,-0.018701623227521346
2020/06/12,7826,s,-1.0,-1.0,3.19327731092437,1.4564831261101243,18,38,7,0,1,-0.017389381259480897
2020/06/29,7826,l,-1.0,-1.0,2.0155038759689923,2.3063063063063063,3,0,1,0,0,-0.011417425666575566
2016/11/10,2802,l,-0.9038031319910534,-0.9038031319910534,2.4161073825503356,2.2353831917220495,0,60,0,1,1,0.01915633841469791
2018/12/12,2802,l,0.5200642054574653,0.5200642054574653,2.102728731942215,2.3031674640234527,14,0,0,0,0,0.009475118710877
2018/12/25,2802,s,1.8123603871928489,1.8123603871928489,2.3827252419955323,0.8949482498459185,12,29,0,0,0,-0.018881107437745973
2020/02/25,2802,s,0.17354675652906792,0.17354675652906792,2.1061499578770007,1.3999463210766458,10,48,0,0,0,-0.018701623227521346
2020/03/13,2802,s,-1.0000000000000022,-1.0000000000000022,2.4463007159904535,2.455652631364128,3,0,2,0,1,-0.020267645421810664
2021/05/11,2802,l,0.347417840375582,0.347417840375582,2.682763246143528,3.801187284165719,1,0,0,0,0,-0.009478175263243084
2017/01/17,6532,l,-0.9999999999999984,-0.9999999999999984,3.8578680203045685,5.21484025616257,0,38,0,0,0,-0.0029740396035871173
2018/02/06,6532,s,0.8644688644688645,0.8644688644688645,2.5641025641025643,3.1825179609989735,8,29,1,0,1,-0.01829990900305447
2019/07/16,6532,l,0.6429980276134122,0.6429980276134122,4.654832347140039,4.672617877226788,12,0,10,0,1,-0.0019146081094167378
2015/08/25,6240,s,-1.0000000000000027,-1.0000000000000027,2.6153846153846185,2.1869346733668342,1,0,0,0,0,-0.01990326136905445
2015/10/16,6240,s,-0.18181818181818038,-0.18181818181818038,2.587412587412589,5.574665574665575,2,0,0,0,0,0.01126878084091752
2015/11/24,6240,l,0.6356589147286883,0.6356589147286883,2.0155038759690003,2.367872044506259,0,36,0,0,0,-0.00019215475399411307
2017/08/07,6240,l,-0.9999999999999969,-0.9999999999999969,2.0270270270270268,4.257382834265432,1,0,0,0,0,0.005360777412963755
2018/02/06,6240,s,0.9971181556195984,0.9971181556195984,3.804034582132565,1.5796195297483921,3,16,0,0,0,-0.01829990900305447
2018/10/25,6240,s,0.48306997742663865,0.48306997742663865,2.0316027088036117,1.97642597022001,1,0,0,0,0,-0.018756354345942524
2019/08/07,6240,s,-1.000000000000001,-1.000000000000001,2.352941176470588,4.702573330305201,2,7,1,1,1,-0.0018090570411619547
2021/11/05,6240,s,1.2642487046632112,1.2642487046632112,2.1243523316062176,3.416178416178416,4,53,2,0,0,0.0015559986668622489
2015/08/25,7994,s,-1.0,-1.0,2.5210084033613445,1.2790785214183542,0,0,0,0,0,-0.01990326136905445
2017/02/06,7994,s,-0.46153846153846156,-0.46153846153846156,3.4615384615384617,2.1818633643272793,18,26,0,0,1,0.008009218636022478
2017/06/07,7994,l,-0.7499999999999956,-0.7499999999999956,2.8846153846153846,2.527955773338359,13,0,2,0,1,-0.0014124194815790451
2017/11/06,7994,l,1.8350515463917525,1.8350515463917525,2.4742268041237114,5.312574229631389,1,0,0,0,0,0.0032760817636181072
2018/08/07,7994,s,-0.39328537170264005,-0.39328537170264005,2.8776978417266186,2.358497811228016,13,0,2,0,0,0.0003105656293153339
2019/04/23,7994,s,0.07900207900208278,0.07900207900208278,4.98960498960499,5.3852762357917,13,0,2,0,1,0.0010730087001921938
2019/05/09,7994,s,0.9160063391442184,0.9160063391442184,2.8526148969889062,1.9594250672613132,6,1,4,1,1,-0.005077168987607518
2020/02/25,7994,s,0.02247191011235955,0.02247191011235955,2.0224719101123596,1.6256938937351308,1,0,0,0,0,-0.018701623227521346
2020/11/10,7994,l,-0.9999999999999979,-0.9999999999999979,2.293577981651376,1.8610983279644118,2,0,1,0,0,0.009962221978885497
2021/02/04,7994,l,0.28971962616822644,0.28971962616822644,2.663551401869159,1.508167449242775,13,4,7,0,0,-0.003108233117483842
2015/05/28,4912,l,-1.0000000000000033,-1.0000000000000033,2.6022304832713754,3.0773398347555196,1,0,0,0,0,0.005749153257674269
2017/05/10,4912,l,-0.999999999999998,-0.999999999999998,2.1810250817884405,3.08507741146153,2,0,1,0,0,0.0023968149977322637
2018/02/06,4912,s,-0.24417009602195036,-0.24417009602195036,2.05761316872428,2.2435971143895572,4,11,3,0,0,-0.01829990900305447
2019/02/14,4912,s,1.0734966592427577,1.0734966592427577,2.516703786191537,3.3482028697258133,6,40,0,0,0,0.00016127140511376276
2015/06/29,3891,s,-0.9999999999999964,-0.9999999999999964,2.049335863377609,1.3045381584707427,4,27,0,0,0,-0.01932662518140747
2015/08/27,3891,l,-0.9999999999999992,-0.9999999999999992,2.2099447513812156,1.3380447585394581,3,57,2,0,0,0.016522980296384056
2016/08/12,3891,s,1.0927835051546415,1.0927835051546415,7.628865979381444,4.877300613496932,12,4,0,0,0,0.008488735067331535
2016/10/14,3891,s,-0.02083333333333807,-0.02083333333333807,3.125,1.9700214132762313,1,59,0,1,1,-0.001383073093028401
2017/05/18,3891,s,-0.9999999999999966,-0.9999999999999966,2.0812182741116754,1.170774647887324,2,52,1,0,0,-0.013014966530203535
2019/11/01,3891,s,0.3120089786756474,0.3120089786756474,3.187429854096521,2.470017861699413,10,31,0,0,0,-0.0085728467346853
2020/02/03,3891,s,-1.000000000000001,-1.000000000000001,3.9499304589707926,1.5241419429901106,2,0,1,0,1,-0.014260178115403538
2020/10/26,3891,l,-0.9999999999999974,-0.9999999999999974,2.090784044016506,14.861618798955613,0,0,0,0,0,0.0001781720904263199
2021/02/01,3891,l,-0.011695906432747287,-0.011695906432747287,2.889576883384933,5.475869772331548,18,2,10,0,1,-0.0005176516688663143
2015/05/07,9602,l,-0.012658227848101266,-0.012658227848101266,3.6962025316455698,2.1505219890145866,18,2,9,0,0,-0.008968529508289982
2016/09/28,9602,s,-1.000000000000001,-1.000000000000001,2.2808267997148963,2.196669439415439,5,55,4,1,1,-0.010725290743847444
2017/11/30,9602,l,0.33183856502242154,0.33183856502242154,2.690582959641256,2.0008302200083024,13,36,0,0,0,0.0002048926415662568
2018/07/17,9602,s,0.44274809160305345,0.44274809160305345,2.900763358778626,3.814369600639469,3,0,2,0,1,0.000370839943621753
2020/02/28,9602,s,0.11920529801324503,0.11920529801324503,2.251655629139073,2.051211872396071,1,0,0,0,0,-0.01960158062859744
2020/10/19,9602,l,0.24719101123595505,0.24719101123595505,3.146067415730337,3.2306066460999796,5,0,3,0,1,0.005683742812559836
2015/08/04,6486,l,0.08829712683952604,0.08829712683952604,2.803083391730904,2.920206254405164,16,33,1,0,1,-0.0041818931278837955
2017/04/17,6486,l,-0.9999999999999986,-0.9999999999999986,3.803486529318542,4.31623212783852,9,49,8,0,1,-0.005224254634283134
2019/08/02,6486,s,1.3877551020408163,1.3877551020408163,2.163265306122449,1.7791919103866103,11,27,1,0,1,-0.015316380537756169
2020/02/25,6486,s,0.4137931034482785,0.4137931034482785,2.1839080459770117,2.3134029784396533,1,0,0,0,1,-0.018701623227521346
2020/03/25,6486,l,-0.9999999999999993,-0.9999999999999993,2.314814814814815,1.2350433823052123,5,49,0,0,0,0.019591153166946294
2020/06/12,6486,s,-1.0,-1.0,2.1025641025641026,2.212981377689387,7,45,0,0,0,-0.017389381259480897
2021/01/29,6486,l,-1.000000000000002,-1.000000000000002,2.378854625550661,4.16363418242892,1,0,0,0,0,0.004372740484767859
2021/09/24,6486,l,-0.39793281653747004,-0.39793281653747004,2.0671834625322996,1.5070242656449553,11,21,1,1,1,0.01694400021592877
2016/01/18,6337,s,0.6615969581749084,0.6615969581749084,2.129277566539924,1.0342598577892697,11,4,3,0,0,-0.018672534322110274
2016/03/15,6337,l,-0.42519685039370797,-0.42519685039370797,2.362204724409449,3.4057971014492754,2,29,0,0,0,-0.0008042358743744444
2016/05/27,6337,s,-1.0000000000000016,-1.0000000000000016,2.384105960264901,1.6342412451361867,4,22,1,0,0,0.004365248681921751
2016/09/08,6337,l,-1.0,-1.0,2.0833333333333335,6.06280193236715,2,0,0,0,0,-0.001671717872333345
2016/10/26,6337,s,-1.0,-1.0,2.0338983050847457,6.986591390261115,11,46,10,0,0,-0.0020857747512993572
2017/02/01,6337,l,0.3728813559322022,0.3728813559322022,2.633637548891786,21.779053084648492,7,0,1,0,1,-0.0060064050114119584
2017/07/28,6337,s,-1.0000000000000027,-1.0000000000000027,2.005730659025788,2.0710490676112094,0,60,0,1,1,-0.001552816683964468
2018/02/06,6337,s,1.4798099762470298,1.4798099762470298,2.862232779097387,2.7194666127891707,13,31,0,0,0,-0.01829990900305447
2018/10/11,6337,s,1.1515151515151516,1.1515151515151516,3.6363636363636362,3.6137775268210053,1,0,0,0,0,-0.01968302614987475
2019/07/31,6337,s,1.0927835051546375,1.0927835051546375,3.333333333333333,2.402323125659979,6,49,5,0,1,-0.00842633874591133
2020/02/25,6337,s,-1.0,-1.0,2.0338983050847457,0.5687074829931973,10,0,4,0,1,-0.018701623227521346
2020/06/12,6337,s,-1.0,-1.0,2.280701754385965,1.2358490566037736,5,22,0,0,0,-0.017389381259480897
2020/10/28,6337,s,0.7204030226700229,0.7204030226700229,2.0151133501259446,5.074626865671642,5,23,2,0,1,-0.0048195079580000974
2021/07/28,6337,s,2.8367593712212824,2.8367593712212824,2.176541717049577,7.8267117497886725,17,17,9,0,1,-0.010555154732426115
2021/09/24,6337,l,-0.12285012285012285,-0.12285012285012285,2.152334152334152,1.857603572314562,11,26,2,0,1,0.01694400021592877
2021/10/27,6337,s,-0.3231707317073178,-0.3231707317073178,2.096036585365854,4.1314196197976205,12,21,3,0,0,-0.0017178582705083933
2015/05/11,6479,l,1.821656050955414,1.821656050955414,2.700636942675159,2.9292704886404826,15,12,0,0,0,0.013333374614728638
2016/07/27,6479,l,2.0223463687150818,2.0223463687150818,3.2774674115456235,4.358327974276527,4,15,3,0,1,0.008729759556224024
2016/11/04,6479,s,1.2882882882882893,1.2882882882882893,2.027027027027027,2.3985462540995868,8,34,0,0,0,-0.009931904184962911
2017/03/22,6479,s,0.3312883435582808,0.3312883435582808,2.0245398773006134,1.5367188934352745,6,53,0,0,0,-0.01589545165780227
2017/08/07,6479,l,0.0084865629420072,0.0084865629420072,2.263083451202263,2.6366552316155274,14,6,7,0,0,0.005360777412963755
2018/02/07,6479,l,-0.9999999999999968,-0.9999999999999968,2.2651448639157152,2.0679941809286424,1,31,0,0,0,0.018095588017532395
2018/07/03,6479,l,-0.9999999999999979,-0.9999999999999979,2.051282051282051,1.434556173388909,10,50,9,0,1,0.003536138250948037
2018/10/11,6479,s,-0.32310838445807677,-0.32310838445807677,2.1881390593047034,1.5332665812953659,1,0,0,0,0,-0.01968302614987475
2019/04/19,6479,l,0.43016759776536573,0.43016759776536573,2.122905027932961,2.292761694846183,4,0,3,0,1,0.006697564340981431
2019/08/05,6479,s,1.9024390243902425,1.9024390243902425,2.12338593974175,3.011236653559828,14,35,0,0,0,-0.008402269437894922
2020/02/25,6479,s,-0.999999999999998,-0.999999999999998,3.2362459546925564,1.3248018910458064,10,0,4,0,1,-0.018701623227521346
2020/03/13,6479,s,-0.9999999999999993,-0.9999999999999993,2.072538860103627,1.4308289669538568,1,0,0,0,0,-0.020267645421810664
2020/05/11,6479,l,-0.04208600182982534,-0.04208600182982534,2.92772186642269,2.271749919780724,2,16,0,0,0,0.007663378279198885
2020/06/03,6479,l,-0.6784140969162996,-0.6784140969162996,2.079295154185022,1.6880564426119915,1,0,0,0,0,0.014485606440316651
2015/04/22,8060,s,1.1174089068825874,1.1174089068825874,2.4291497975708505,6.647759280483304,5,28,1,0,1,0.004558219386220063
2015/08/25,8060,s,-1.0,-1.0,2.8905109489051095,1.7340812134618424,1,0,0,0,0,-0.01990326136905445
2016/04/26,8060,l,0.02558635394455902,0.02558635394455902,3.582089552238806,4.698899898184708,4,4,1,0,1,-0.004629772984007269
2016/11/10,8060,l,0.16905901116427285,0.16905901116427285,2.1690590111642742,0.7970466166792781,0,60,0,1,1,0.01915633841469791
2018/10/11,8060,s,0.8010471204188457,0.8010471204188457,2.1727748691099475,1.7856927620080756,7,8,0,0,0,-0.01968302614987475
2019/12/27,8060,s,-1.000000000000005,-1.000000000000005,2.203856749311295,1.0513861797716881,15,43,8,0,1,0.0012050197033052462
2020/01/29,8060,l,1.2901554404145124,1.2901554404145124,3.652849740932642,4.2406630782947525,18,0,12,0,0,0.004032183379272078
2020/03/13,8060,s,-0.3576362240982341,-0.3576362240982341,2.210283960092095,1.5028625193359593,1,0,0,0,0,-0.020267645421810664
2021/01/21,8060,l,0.24414303329223408,0.24414303329223408,3.6744759556103577,4.818235244731761,16,0,8,0,1,0.006561311715421079
2021/01/28,8060,s,0.8540772532188879,0.8540772532188879,2.6609442060085837,2.4287403903015967,3,57,2,1,1,-0.016271576146988227
2021/04/26,8060,l,-0.37004405286344016,-0.37004405286344016,3.7665198237885464,4.4033945890760595,15,0,1,0,0,0.002579544275916842
2015/06/29,2160,s,0.020631067961166972,0.020631067961166972,2.4271844660194164,1.7990147783251231,18,4,17,1,1,-0.01932662518140747
2015/07/09,2160,s,-0.9999999999999987,-0.9999999999999987,4.810469314079424,5.036828713003883,1,0,0,0,0,-0.015952261769897544
2016/08/18,2160,l,-1.0000000000000013,-1.0000000000000013,2.2792022792022784,5.460501684762261,14,37,1,0,1,-0.00571671193218053
2017/02/28,2160,l,-1.0000000000000007,-1.0000000000000007,4.381625441696113,11.044619626422275,0,0,0,0,0,0.0045641835365958505
2019/07/03,2160,l,-0.9999999999999991,-0.9999999999999991,2.5267944137707063,4.021734167389617,1,0,0,0,0,-0.0032269526856107205
2020/02/25,2160,s,-0.1438229870928094,-0.1438229870928094,2.2249539028887524,1.8677335901852916,2,0,0,0,0,-0.018701623227521346
2020/03/02,2160,l,-1.0000000000000004,-1.0000000000000004,2.1944286526435475,1.4838189678333293,1,59,0,0,0,-0.013866081192037362
2020/08/20,2160,l,-1.0000000000000038,-1.0000000000000038,3.5586481113320083,24.29575706819774,0,0,0,0,0,-0.004631206186249469
2021/03/17,2160,l,0.028469750889680796,0.028469750889680796,2.32502965599051,2.825942495356199,1,5,0,0,0,-0.002816073879661416
2021/09/30,2160,l,-0.26961770623742637,-0.26961770623742637,2.414486921529175,2.492886428305197,13,28,0,0,0,0.0008428024501518844
2017/02/27,7187,l,-0.9999999999999997,-0.9999999999999997,2.3540489642184594,1.2845622119815667,8,1,0,0,0,-0.007935783575007621
2017/05/11,7187,l,-1.0000000000000024,-1.0000000000000024,2.5857519788918206,5.198738170347003,7,31,6,0,1,0.00220401013261752
2017/11/09,7187,l,1.23170731707317,1.23170731707317,3.7500000000000004,9.232476046394352,7,0,0,0,0,0.003300191762002101
2018/02/06,7187,s,0.03991130820399012,0.03991130820399012,2.483370288248337,3.010611530467126,17,35,16,1,1,-0.01829990900305447
2018/08/08,7187,s,0.00408997955010318,0.00408997955010318,4.08997955010225,5.217058711034615,16,1,5,0,1,0.00016855861206543023
2018/11/15,7187,s,-0.9999999999999991,-0.9999999999999991,2.4340770791075053,6.559577511277368,0,0,0,0,0,-0.008062168367627234
2018/12/14,7187,s,0.8290766208251482,0.8290766208251482,2.75049115913556,6.057674646421355,6,0,2,0,0,-0.008123783300383778
2020/01/14,7187,l,-1.0,-1.0,2.9019607843137254,7.246872742481274,0,0,0,0,0,0.004967176885080783
2015/06/29,8707,s,0.042389210019264316,0.042389210019264316,2.273603082851638,1.314945116802702,16,4,1,0,1,-0.01932662518140747
2015/08/25,8707,s,-1.0000000000000013,-1.0000000000000013,2.711864406779661,2.539128185228302,1,0,0,0,0,-0.01990326136905445
2016/01/14,8707,s,-0.9999999999999974,-0.9999999999999974,2.1458046767537824,1.0013311005195586,7,1,0,1,1,-0.01866713179265997
2018/02/07,8707,l,-1.0,-1.0,2.903225806451613,1.293221191862555,1,43,0,0,0,0.018095588017532395
2018/03/28,8707,s,0.304964539007089,0.304964539007089,2.5531914893617023,1.9575365155850022,6,26,0,0,0,-0.01990259563584918
2018/10/11,8707,s,0.05574912891985746,0.05574912891985746,2.7874564459930316,1.85371875321469,5,43,1,0,1,-0.01968302614987475
2018/12/27,8707,l,-1.0000000000000027,-1.0000000000000027,2.0208023774145616,1.3271298220254766,1,57,0,0,0,0.019616537642041642
2020/02/25,8707,s,0.18362282878412137,0.18362282878412137,2.1836228287841193,2.0981144135506553,5,1,3,0,1,-0.018701623227521346
2020/03/13,8707,s,0.11382113821138336,0.11382113821138336,2.3848238482384825,2.128725092576265,1,0,0,0,0,-0.020267645421810664
2015/07/31,6516,s,-0.5854616895874263,-0.5854616895874263,2.1218074656188604,4.665,1,0,0,0,0,-0.0007932629174437674
2015/08/25,6516,s,-1.0,-1.0,2.6066350710900474,1.525192918747163,1,0,0,0,0,-0.01990326136905445
2016/10/27,6516,s,-1.0,-1.0,2.03125,4.150110375275938,5,55,4,0,0,-0.0026132945105291176
2018/02/01,6516,l,-1.0,-1.0,2.573529411764706,2.219318874662486,11,5,1,0,1,0.007697972447310934
2020/01/31,6516,l,1.2534246575342465,1.2534246575342465,2.5684931506849313,3.1220657276995305,5,41,2,1,1,0.007449380378844676
2020/02/25,6516,s,0.6391096979332274,0.6391096979332274,2.2257551669316373,2.7511160714285716,4,0,3,0,0,-0.018701623227521346
2020/06/17,6516,l,-0.7943262411347518,-0.7943262411347518,2.482269503546099,3.9592465347707617,5,17,0,0,0,-0.002881471742579655
2021/01/26,6516,l,0.2360248447204969,0.2360248447204969,3.1055900621118013,3.538279633461425,1,0,1,0,0,-0.0043712695972457985
2021/09/21,6516,s,-0.16326530612244897,-0.16326530612244897,3.061224489795918,1.3203950788424883,9,17,2,0,1,-0.0156983349207624
2015/04/30,9962,s,-0.9999999999999994,-0.9999999999999994,2.11564442042691,1.4549031476997578,14,19,5,0,1,-0.01054142913761691
2016/02/01,9962,l,-0.07929515418502203,-0.07929515418502203,3.101321585903084,1.3996919183195802,13,41,4,0,0,0.01034917771701588
2017/10/31,9962,l,-1.0000000000000042,-1.0000000000000042,3.2710280373831777,2.067279822627009,0,0,0,0,0,-0.005196334489840952
2018/02/05,9962,s,0.09059233449477352,0.09059233449477352,2.299651567944251,1.439173727503247,4,20,1,0,0,-0.015182691122011873
2018/02/06,9962,s,-0.053691275167785234,-0.053691275167785234,2.2818791946308723,1.9397949915661088,2,1,0,0,1,-0.01829990900305447
2018/10/11,9962,s,0.9910714285714272,0.9910714285714272,2.232142857142857,1.8432412606156363,3,0,0,0,0,-0.01968302614987475
2018/10/30,9962,s,-0.9999999999999974,-0.9999999999999974,2.0422055820285907,5.2400806211026465,1,0,0,0,0,-0.004741415994477434
2019/06/13,9962,s,0.4555984555984556,0.4555984555984556,2.3166023166023164,1.489735278227985,2,34,1,0,1,-0.004203084565247495
2019/08/06,9962,s,-1.0,-1.0,2.0714285714285716,1.183478407726752,2,0,1,0,0,-0.019052339518414098
2019/11/08,9962,l,-1.0,-1.0,2.690582959641256,1.825376722312762,1,0,0,0,0,0.009417787668578963
2020/02/25,9962,s,-0.12927756653992395,-0.12927756653992395,2.2813688212927756,1.6589078249605311,2,0,0,0,0,-0.018701623227521346
2021/05/07,9962,l,0.30880230880231013,0.30880230880231013,3.751803751803752,2.877618797912453,19,18,6,1,1,-3.1365735729297806e-05
2015/08/25,9793,s,-1.000000000000002,-1.000000000000002,3.3782023447676957,1.8284262276970669,1,0,0,0,0,-0.01990326136905445
2016/10/03,9793,l,-0.3182912154031267,-0.3182912154031267,2.157039711191338,2.0649446494464945,5,0,3,0,0,0.0070632905851971016
2017/01/18,9793,l,-1.0000000000000029,-1.0000000000000029,2.176355323318093,1.871458189357291,10,19,4,0,1,-0.0031663382682569252
2017/09/19,9793,l,-0.21805702217529593,-0.21805702217529593,3.2787750791974695,2.4367910345770123,1,0,0,0,0,0.010983701248147884
2017/10/06,9793,l,-0.9999999999999954,-0.9999999999999954,2.144129875272227,1.1672063585516632,8,9,1,1,1,0.004279988520769129
2017/12/04,9793,l,-0.9999999999999972,-0.9999999999999972,2.1269420691316334,1.1318967558607624,6,0,4,0,1,0.0010736652697332007
2018/01/10,9793,l,-1.0000000000000029,-1.0000000000000029,2.0370370370370328,4.020774439550325,1,0,0,0,1,-0.0007203357317969647
2019/07/02,9793,l,-0.9999999999999991,-0.9999999999999991,2.6178010471204165,2.0122453785470387,1,2,0,0,0,-0.0014054322210293375
2019/08/26,9793,s,-0.18612666953898907,-0.18612666953898907,2.117621714778117,1.0587500975267223,8,12,1,0,1,-0.018611929654467195
2019/10/03,9793,s,0.8862590401052056,0.8862590401052056,2.136752136752138,2.847756348316778,8,52,1,0,1,-0.016364221591736085
2019/10/23,9793,l,0.14699420810865063,0.14699420810865063,2.1469942081086506,1.3478437204272002,1,0,0,0,0,0.003142947106067213
2020/01/07,9793,l,-1.000000000000002,-1.000000000000002,2.160659686834056,7.351622979763683,7,22,5,1,1,0.004967062934230088
2020/03/13,9793,s,0.018091476621226572,0.018091476621226572,2.686966492546824,3.1382930168872663,2,0,0,0,0,-0.020267645421810664
2020/06/30,9793,l,-1.0000000000000013,-1.0000000000000013,2.026944806605821,2.757337983144435,10,0,1,0,0,0.015460758425535832
2020/12/14,9793,s,-0.748017694683247,-0.748017694683247,2.2953008930807095,1.2100759310594191,13,47,8,0,1,0.00026301452920768467
2021/03/30,9793,l,0.6337725194944859,0.6337725194944859,3.08147351438559,3.038647801728231,1,0,0,0,1,-0.0006629340891054052
2016/11/07,7609,l,1.4328358208955256,1.4328358208955256,4.029850746268656,4.810267857142857,5,0,4,0,0,0.013053256481967746
2017/08/03,7609,l,0.7297056199821604,0.7297056199821604,2.123104371097235,7.415103415103415,7,1,1,0,0,-0.0006992017944187797
2018/02/07,7609,l,-0.9999999999999972,-0.9999999999999972,2.2658610271903323,1.542558437715751,1,56,0,0,1,0.018095588017532395
2018/08/02,7609,s,-1.0000000000000016,-1.0000000000000016,3.8879456706281834,7.102310231023102,11,10,10,1,1,-0.0030760505919540486
2018/11/02,7609,s,0.8806584362139923,0.8806584362139923,2.139917695473251,12.04274558158652,6,0,5,0,0,0.003408852503613821
2019/11/05,7609,l,1.6178861788617867,1.6178861788617867,2.4390243902439024,3.495850622406639,9,0,8,0,0,0.0117291452323051
2020/02/25,7609,s,-0.6299081035923149,-0.6299081035923149,2.0050125313283207,1.2854386225322845,9,21,4,0,1,-0.018701623227521346
2020/06/12,7609,s,-1.0000000000000022,-1.0000000000000022,2.1479713603818618,2.241336937822561,7,51,0,0,0,-0.017389381259480897
2020/08/03,7609,s,-1.0000000000000009,-1.0000000000000009,2.7546296296296293,1.5763546798029557,0,0,0,0,0,0.010943344081068713
2016/11/10,1720,l,-0.9999999999999976,-0.9999999999999976,2.4146981627296586,2.993580084694322,0,60,0,1,1,0.01915633841469791
2018/05/11,1720,s,-1.0000000000000027,-1.0000000000000027,2.7507163323782238,3.122849097924705,13,14,12,0,1,0.0034124276909372835
2019/08/08,1720,l,0.7210884353741512,0.7210884353741512,3.9455782312925174,3.774425432823732,7,44,4,0,0,0.000620474387519134
2020/02/10,1720,s,-0.2481751824817502,-0.2481751824817502,2.18978102189781,2.8150536301072604,11,16,2,0,1,-0.008233597644449874
2020/02/25,1720,s,-0.06228373702421988,-0.06228373702421988,2.0761245674740487,1.5182654429858375,7,0,5,0,1,-0.018701623227521346
2015/12/11,7433,l,-1.000000000000004,-1.000000000000004,2.094017094017094,2.370848708487085,4,49,2,0,0,-0.0013545760255793975
2018/02/14,7433,s,1.5921421889616447,1.5921421889616447,2.619270346117867,3.7011930585683297,3,0,1,0,0,0.00030878318713208714
2018/04/02,7433,l,-1.0,-1.0,2.064516129032258,6.2794893144601724,6,43,0,0,1,-0.0005933542460019466
2018/10/11,7433,s,1.3793103448275863,1.3793103448275863,2.2758620689655173,2.8374384236453203,15,17,13,0,0,-0.01968302614987475
2019/05/09,7433,l,-0.9999999999999964,-0.9999999999999964,2.1455938697318007,3.4147424511545292,3,46,2,0,1,-0.005077168987607518
2020/06/10,7433,l,-0.9999999999999982,-0.9999999999999982,2.3032629558541267,5.57802595834591,1,0,0,0,0,-0.006583941902981324
2015/05/12,5185,l,-1.0000000000000053,-1.0000000000000053,2.436260623229462,3.681257014590348,0,1,0,0,0,-0.0006462493329820223
2016/02/15,5185,l,-0.18604651162790697,-0.18604651162790697,2.3255813953488373,1.103487707261292,1,59,0,1,1,0.019780493171426165
2017/12/27,5185,s,0.8846153846153817,0.8846153846153817,4.743589743589744,3.508545630441793,19,8,12,0,0,-0.001673023135332688
2018/03/28,5185,s,-0.37349397590361716,-0.37349397590361716,2.4096385542168672,1.7350993377483444,15,6,0,1,1,-0.01990259563584918
2018/05/16,5185,l,-0.9999999999999964,-0.9999999999999964,2.34375,4.53932584269663,5,17,0,0,1,-0.003852218553581838
2019/02/01,5185,s,-0.01749271137025974,-0.01749271137025974,2.915451895043732,3.2685185185185186,8,3,0,0,0,0.0011331750225887529
2020/02/03,5185,s,3.263157894736842,3.263157894736842,3.5789473684210527,4.507978723404255,5,2,4,0,0,-0.014260178115403538
2020/02/25,5185,s,-1.0000000000000027,-1.0000000000000027,2.3952095808383236,3.9091806515301086,1,0,0,0,0,-0.018701623227521346
2020/03/10,5185,s,-1.000000000000002,-1.000000000000002,2.278481012658228,1.7775314116777532,1,0,0,0,0,-0.011364674730795186
2020/03/12,5185,s,-1.0000000000000018,-1.0000000000000018,2.1323529411764706,2.733523394264632,2,1,0,0,1,-0.018106145119040778
2020/10/30,5185,l,-0.9999999999999971,-0.9999999999999971,2.4539877300613497,1.8279569892473118,4,14,1,0,0,-0.0004813144556346178
2015/06/26,7751,s,0.8109854604200245,0.8109854604200245,2.143241787829833,1.5850516283774756,12,1,7,0,1,-0.0006244162646716718
2015/06/29,7751,s,0.4207188160676552,0.4207188160676552,3.5835095137420723,1.2800879242826808,0,0,0,0,0,-0.01932662518140747
2015/08/25,7751,s,-1.0000000000000016,-1.0000000000000016,2.0148961191689536,2.429737844813963,1,0,0,0,0,-0.01990326136905445
2015/10/28,7751,s,-1.0000000000000016,-1.0000000000000016,2.0993589743589745,2.5268664022033738,8,15,0,0,0,0.0026575008627556748
2015/12/28,7751,s,-0.46153846153846156,-0.46153846153846156,2.106508875739645,1.1214341602718492,12,19,0,0,0,0.0037215502534489494
2018/02/05,7751,s,1.3686690223792781,1.3686690223792781,2.0730270906949353,1.347439395819537,10,34,1,1,1,-0.015182691122011873
2018/02/09,7751,s,0.15139442231075514,0.15139442231075514,2.410358565737052,1.385629096868172,3,0,2,0,1,-0.017501368150908598
2018/03/22,7751,l,-0.9999999999999967,-0.9999999999999967,2.9981718464351004,1.828971627913146,16,37,12,0,1,-0.0013474599141199538
2019/01/04,7751,s,-0.13348416289592965,-0.13348416289592965,2.2850678733031673,1.301043318412079,3,1,1,0,1,-0.01796873009282642
2019/10/29,7751,s,-0.9999999999999972,-0.9999999999999972,3.57846853677028,2.7765757902876347,16,24,0,0,0,0.0036523817666035533
2020/02/25,7751,s,-0.552540013917882,-0.552540013917882,2.783576896311761,1.6669263211010819,1,0,0,0,0,-0.018701623227521346
2020/03/13,7751,s,-1.0000000000000029,-1.0000000000000029,2.579395817195972,1.8698686011312842,1,0,0,0,0,-0.020267645421810664
2021/09/21,7751,s,-0.9999999999999974,-0.9999999999999974,2.1141649048625792,1.1797169989625815,7,53,6,0,1,-0.0156983349207624
2015/06/29,8113,s,-0.9999999999999983,-0.9999999999999983,2.710027100271003,0.9346118163775792,15,21,1,0,1,-0.01932662518140747
2018/02/06,8113,s,0.21973094170403995,0.21973094170403995,2.0515695067264574,2.4008908890944314,4,12,3,0,1,-0.01829990900305447
2018/07/06,8113,l,-0.9999999999999986,-0.9999999999999986,2.2364217252396164,1.2414484324340742,16,4,1,0,1,0.0046721142953144845
2018/12/27,8113,l,0.9856584093872217,0.9856584093872217,2.0338983050847457,1.3710341225824396,2,25,1,0,0,0.019616537642041642
2019/05/14,8113,s,-0.9999999999999969,-0.9999999999999969,2.395209580838323,2.217873055651246,3,1,2,0,0,-0.015124617295415775
2019/09/17,8113,s,0.6912928759894491,0.6912928759894491,2.0932277924362355,1.975965017145374,2,56,1,0,1,-0.001850985228955991
2020/02/28,8113,s,0.8126801152737753,0.8126801152737753,2.155619596541787,1.5404268145359032,12,10,0,0,0,-0.01960158062859744
2021/02/16,8113,l,-0.07888040712467963,-0.07888040712467963,2.099236641221374,2.6246059470051972,7,34,3,0,0,0.0048301181851572225
2016/01/28,6857,l,1.6061026352288514,1.6061026352288514,2.2191400832177535,3.7437047119580447,16,22,0,0,0,-0.006063882842613932
2016/11/10,6857,l,0.39355581127732814,0.39355581127732814,2.0713463751438432,1.268057643002387,11,20,0,1,1,0.01915633841469791
2017/10/03,6857,l,2.51612903225807,2.51612903225807,2.404692082111437,2.8392615428956702,5,0,0,0,0,0.003650350623848753
2018/07/26,6857,l,0.19718309859154928,0.19718309859154928,3.028169014084507,4.378643840479666,3,12,0,0,0,0.004304365610179429
2018/10/31,6857,l,1.1131458469587954,1.1131458469587954,4.708960104643558,4.966890212563097,13,47,7,0,0,0.0052322543993207175
2019/04/26,6857,s,1.1346351490236393,1.1346351490236393,2.158273381294964,2.205765186839596,4,56,1,0,1,-0.00628037644603324
2019/07/01,6857,l,0.3182957393483721,0.3182957393483721,2.318295739348371,1.19558112006542,0,9,0,0,0,0.013646883425017683
2021/07/29,6857,l,1.4895833333333333,1.4895833333333333,2.34375,2.569137794384058,11,42,8,0,1,0.005110279801868369
2021/09/29,6857,s,0.11805555555555555,0.11805555555555555,2.2569444444444446,1.6885712734612899,5,45,0,0,0,-0.018951787638202572
2020/11/10,4477,s,-1.0,-1.0,2.4646464646464645,1.5934281292554116,11,25,10,0,0,0.009962221978885497
2015/07/09,3668,s,-1.0000000000000018,-1.0000000000000018,2.0242914979757085,2.0898760158192466,1,0,0,0,0,-0.015952261769897544
2016/06/06,3668,l,0.9241877256317657,0.9241877256317657,2.256317689530686,3.6445186434899157,19,32,11,0,0,-0.01615829128668453
2018/07/17,3668,l,-1.0000000000000036,-1.0000000000000036,3.409090909090909,33.18965672908503,17,29,10,0,0,0.000370839943621753
2019/05/09,3668,l,-1.0000000000000016,-1.0000000000000016,3.2051282051282053,5.071138407038755,2,55,0,1,1,-0.005077168987607518
2019/08/14,3668,l,0.6829268292682955,0.6829268292682955,2.682926829268293,6.192760864667135,5,55,4,0,0,0.010488652407379305
2019/10/01,3668,s,-1.0000000000000004,-1.0000000000000004,2.0202020202020203,2.3923946502494426,1,59,0,1,1,0.003474929030549891
2020/03/13,3668,s,-1.000000000000001,-1.000000000000001,2.0161290322580645,1.6909200688369272,2,0,0,0,0,-0.020267645421810664
2020/05/18,3668,l,-1.000000000000003,-1.000000000000003,2.9363784665579122,17.783974056930624,0,0,0,0,0,0.003001875985341354
2021/08/05,3668,l,-0.6163522012578587,-0.6163522012578587,3.081761006289308,9.250956416032036,15,19,9,1,1,-0.0020812729661458165
2016/02/01,6923,l,0.5389755011135868,0.5389755011135868,2.783964365256125,2.391024954482168,3,0,0,0,0,0.01034917771701588
2016/04/28,6923,s,0.3374726077428767,0.3374726077428767,2.8195763330898465,5.53184955740397,13,7,6,0,0,0.008588536241598705
2016/11/10,6923,l,0.15926493108729084,0.15926493108729084,2.8330781010719757,1.0743646845796824,18,0,18,1,1,0.01915633841469791
2017/10/31,6923,l,-1.0,-1.0,2.4615384615384617,1.149490019398035,5,0,4,0,0,-0.005196334489840952
2018/01/09,6923,l,-0.09885931558935361,-0.09885931558935361,2.053231939163498,2.0079601764392385,10,3,6,0,1,0.009885922259475618
2018/02/09,6923,s,0.12987012987012986,0.12987012987012986,2.1298701298701297,1.3873278130693374,2,1,1,0,1,-0.017501368150908598
2018/07/27,6923,l,0.8352490421455939,0.8352490421455939,4.291187739463601,2.4655967488775596,3,0,2,0,1,0.00263914389200454
2019/08/06,6923,s,-1.0,-1.0,2.206896551724138,1.3235921244257058,3,1,0,0,0,-0.019052339518414098
2019/10/29,6923,s,-1.0000000000000038,-1.0000000000000038,2.2177822177822177,2.593194673317597,9,51,8,0,0,0.0036523817666035533
2020/02/25,6923,s,-0.2191780821917822,-0.2191780821917822,2.13089802130898,1.0510418387332752,10,0,0,0,0,-0.018701623227521346
2020/03/13,6923,s,-1.0,-1.0,2.5157232704402515,1.392048142611131,2,0,0,0,0,-0.020267645421810664
2020/07/28,6923,l,0.033014769765422954,0.033014769765422954,3.475238922675934,3.021953794144764,7,2,1,0,0,0.0008439041462239754
2021/07/27,6923,s,-1.0000000000000016,-1.0000000000000016,3.205456095481671,3.4657147106946304,12,0,11,0,1,0.0028253936203732804
2016/07/29,6504,l,-1.0,-1.0,2.2748815165876777,1.6094635121626124,9,10,2,0,1,-0.007110586738719308
2017/09/26,6504,s,0.1301775147928994,0.1301775147928994,2.2485207100591715,3.3129424246945507,5,50,4,0,0,-0.0023689084685537863
2017/10/30,6504,l,-1.0,-1.0,2.5316455696202533,2.9676898089749613,0,0,0,0,0,0.0017947651924601687
2018/02/06,6504,s,0.8571428571428571,0.8571428571428571,2.5806451612903225,1.7600891739531654,1,11,0,0,0,-0.01829990900305447
2018/10/11,6504,s,0.5247524752475248,0.5247524752475248,2.1782178217821784,0.4552493397056974,4,9,1,0,1,-0.01968302614987475
2018/10/26,6504,l,-1.0,-1.0,3.004291845493562,3.485139773829507,1,59,0,0,1,0.008092161591218686
2019/02/01,6504,s,-1.0,-1.0,2.2792022792022792,2.470680678254867,17,6,5,0,0,0.0011331750225887529
2019/04/23,6504,l,-1.0,-1.0,2.8187919463087248,2.6877340122809645,8,1,2,0,1,0.0010730087001921938
2019/04/26,6504,l,-1.0,-1.0,2.598187311178248,3.036119375560942,3,0,2,0,0,-0.00628037644603324
2019/11/01,6504,s,-0.5,-0.5,3.8333333333333335,3.0004953393074256,16,29,12,0,1,-0.0085728467346853
2019/11/05,6504,l,-1.0,-1.0,2.0077220077220077,2.11781367850732,11,2,1,0,0,0.0117291452323051
2020/01/08,6504,s,-0.14432989690721648,-0.14432989690721648,2.0618556701030926,1.9020289731390412,4,2,1,0,1,-0.01519486997639943
2020/01/16,6504,l,-1.0,-1.0,2.156862745098039,1.8995033714216498,11,12,2,0,0,0.0018238393616478183
2020/01/31,6504,l,-0.4727272727272727,-0.4727272727272727,2.036363636363636,2.0167821769032637,3,56,0,1,1,0.007449380378844676
2020/11/02,6504,l,-0.29457364341085274,-0.29457364341085274,2.635658914728682,1.8813163030666074,12,31,3,0,0,0.005814912480366372
2021/01/29,6504,l,-1.0,-1.0,2.159383033419023,2.883875392556763,11,0,7,0,0,0.004372740484767859
2021/10/28,6504,s,-1.0,-1.0,2.0425531914893615,1.3963146571882892,8,23,0,0,1,-0.0077884435622223545
2015/04/27,6855,l,-0.6119873817034729,-0.6119873817034729,2.586750788643533,3.0247479376718607,13,2,2,0,1,0.002185809818561721
2015/08/06,6855,l,-1.0000000000000022,-1.0000000000000022,2.5062656641604013,9.08928836725598,7,13,0,0,0,0.007505071781104699
2017/02/08,6855,s,-0.5185185185185185,-0.5185185185185185,2.962962962962963,7.337532207271686,7,51,8,0,0,0.002135290030342536
2017/03/22,6855,s,0.051282051282048366,0.051282051282048366,2.307692307692308,1.0240496508921644,18,30,14,0,1,-0.01589545165780227
2017/12/22,6855,l,1.216783216783223,1.216783216783223,4.195804195804196,6.83252586094016,11,30,0,0,0,-0.00067217409177774
2018/11/08,6855,s,-1.0000000000000007,-1.0000000000000007,2.3936170212765955,6.768572491628426,0,23,0,1,1,0.016309574477718677
2019/10/15,6855,l,0.8571428571428551,0.8571428571428551,3.1168831168831166,10.373529411764705,0,0,0,0,0,0.012149253608099876
2019/10/29,6855,l,-1.000000000000001,-1.000000000000001,2.1662468513853903,9.152588187592919,0,0,0,0,0,0.0036523817666035533
2016/08/03,6908,s,1.6734693877551021,1.6734693877551021,2.5510204081632653,2.0992245608482354,6,1,2,0,0,-0.010015587394647824
2017/04/25,6908,l,0.4624624624624625,0.4624624624624625,2.1021021021021022,2.7714995591889076,11,40,1,0,1,-0.00017588583949462006
2018/05/09,6908,s,-1.0,-1.0,2.9069767441860463,2.582740102410391,17,5,1,0,1,-0.0020294384080104303
2018/06/22,6908,s,-1.0,-1.0,3.5714285714285716,5.200787998181543,3,0,2,0,0,-0.010425663551467769
2018/11/05,6908,s,-1.0,-1.0,2.2751322751322753,3.839716865121022,4,4,1,0,1,-0.010843089671393948
2019/11/06,6908,s,-1.0,-1.0,2.3015873015873014,3.4400318767432596,10,43,10,1,1,0.0039360071976633736
2020/06/12,6908,s,-1.0,-1.0,2.1538461538461537,1.492667979864303,5,50,0,0,0,-0.017389381259480897
2021/01/14,6908,l,0.21729490022172948,0.21729490022172948,3.3259423503325944,4.131398629584845,11,6,0,0,0,-0.0004870576551863938
2021/03/09,6908,l,-1.0,-1.0,2.1314387211367674,1.1554192229038855,11,0,1,0,1,0.0001955241665434139
2021/05/13,6908,l,-1.0,-1.0,2.504230118443316,1.581643105920918,14,11,0,1,1,-0.007762675988035887
2016/05/16,6238,s,-1.0000000000000018,-1.0000000000000018,2.054641316504235,4.224820822331195,6,0,0,0,0,-0.0012362747003603338
2016/07/25,6238,l,-1.0000000000000013,-1.0000000000000013,2.3197492163009414,2.9852700490998365,13,1,6,0,1,0.001717662271271636
2018/02/07,6238,l,-1.0,-1.0,2.076923076923077,1.4650695838814651,0,37,0,1,1,0.018095588017532395
2019/08/09,6238,s,1.7894736842105263,1.7894736842105263,3.1578947368421053,3.8229763414527484,5,0,4,0,1,0.00800258335822015
2019/11/14,6238,l,0.9230769230769231,0.9230769230769231,4.615384615384615,2.8162673202941324,16,0,15,1,1,0.00024142501652029015
2020/10/22,6238,l,-1.0,-1.0,2.261904761904762,3.9537267535510323,8,0,7,0,1,-0.004816945903163566
2021/05/14,6238,l,1.8647342995169094,1.8647342995169094,2.7536231884057973,3.820994214192939,12,48,8,0,0,0.010044079698309727
2021/06/23,6238,l,0.958748221906118,0.958748221906118,2.418207681365576,2.3767599602617246,6,1,1,0,1,9.659283488882078e-05
2016/01/29,4980,l,0.34463276836158324,0.34463276836158324,2.457627118644068,3.245038096133948,9,51,8,0,1,0.006666686226817588
2018/02/06,4980,s,-0.046272493573263615,-0.046272493573263615,2.3136246786632393,1.731657067236116,1,10,0,0,0,-0.01829990900305447
2018/02/09,4980,s,-0.7155963302752304,-0.7155963302752304,2.13302752293578,0.8290155440414507,2,6,1,0,1,-0.017501368150908598
2018/12/25,4980,s,-0.9999999999999982,-0.9999999999999982,2.2388059701492535,2.365177955240067,2,0,1,0,1,-0.018881107437745973
2019/08/06,4980,s,-1.0000000000000029,-1.0000000000000029,2.1656050955414012,1.4607257694074414,7,47,3,0,1,-0.019052339518414098
2020/02/25,4980,s,-0.45544554455445546,-0.45544554455445546,2.099009900990099,0.5686954332726878,5,0,0,0,0,-0.018701623227521346
2020/10/30,4980,l,-0.9999999999999959,-0.9999999999999959,4.966442953020134,6.936290968957823,14,0,7,0,0,-0.0004813144556346178
2021/02/03,4980,l,-1.000000000000001,-1.000000000000001,2.7828348504551363,5.37038957447544,3,0,0,0,0,0.004250027413276237
2021/07/30,4980,l,0.9495861550037609,0.9495861550037609,2.603461249059443,6.096831067600798,17,0,3,0,1,-0.0037624512191522137
2015/08/05,6367,l,0.3446244477172312,0.3446244477172312,2.2209131075110458,1.4885815374718558,8,51,7,0,1,-0.0014721963942152636
2016/08/10,6367,l,0.14738054116292668,0.14738054116292668,2.2394933793897525,1.7281881604841915,10,19,0,0,0,-0.003930218783570708
2017/05/11,6367,s,-1.0,-1.0,2.7288428324697755,1.282973993071713,8,20,0,0,0,0.00220401013261752
2017/09/28,6367,l,-0.13333333333333333,-0.13333333333333333,2.066666666666667,1.3502264659077,7,27,6,0,1,0.006492311411873053
2018/02/09,6367,s,-0.08943089430894309,-0.08943089430894309,2.2560975609756095,1.9275699018777162,2,1,1,1,1,-0.017501368150908598
2018/11/07,6367,s,0.34009360374414976,0.34009360374414976,3.7441497659906395,1.724370421662597,11,0,10,0,0,0.0018959036470974071
2019/08/06,6367,s,-1.0,-1.0,2.399103139013453,1.2414697595318906,1,0,0,0,0,-0.019052339518414098
2019/08/07,6367,l,-1.0,-1.0,2.1487603305785123,1.879743638989067,3,51,2,0,0,-0.0018090570411619547
2020/01/08,6367,s,-0.28418230563002683,-0.28418230563002683,2.520107238605898,1.8979290791011323,5,16,0,1,1,-0.01519486997639943
2020/02/13,6367,s,0.08866995073891626,0.08866995073891626,2.0492610837438425,1.9609262473686155,9,32,0,0,0,-0.0004798583139748876
2020/03/13,6367,s,-1.0,-1.0,2.4242424242424243,2.227236772895729,1,0,0,0,0,-0.020267645421810664
2021/09/21,6367,s,0.7230531201650335,0.7230531201650335,3.0943785456420834,1.868900962578197,9,42,0,0,0,-0.0156983349207624
2015/08/25,6400,s,-1.0000000000000004,-1.0000000000000004,2.8282828282828283,1.2344126584931363,0,0,0,0,0,-0.01990326136905445
2016/11/28,6400,s,0.905982905982908,0.905982905982908,2.0512820512820515,2.3515420597795926,0,60,0,1,1,-0.00427827967893314
2016/11/30,6400,l,-0.9999999999999993,-0.9999999999999993,2.2222222222222223,3.6457435865302776,2,0,0,0,0,0.0026760197170049315
2017/02/15,6400,l,-1.0,-1.0,2.3157894736842106,8.572457450437815,0,6,0,0,0,0.010386725283772932
2017/03/21,6400,l,-0.2222222222222222,-0.2222222222222222,2.888888888888889,7.301132595952362,3,0,0,0,0,-0.005380709255752266
2017/03/30,6400,l,-0.999999999999998,-0.999999999999998,3.1578947368421053,7.77059059863399,1,0,0,0,0,-0.0034687170222110213
2017/10/19,6400,l,-0.999999999999999,-0.999999999999999,4.5933014354066986,14.262767253794173,0,0,0,0,0,0.004071984103393551
2018/10/11,6400,s,0.0,0.0,3.12,1.6550455903762165,7,22,1,0,1,-0.01968302614987475
2018/11/15,6400,s,-0.5074626865671645,-0.5074626865671645,2.1227197346600333,5.770115709093334,5,0,0,0,0,-0.008062168367627234
2018/12/25,6400,s,0.5573770491803278,0.5573770491803278,2.098360655737705,4.072916666666667,1,0,0,0,0,-0.018881107437745973
2018/12/27,6400,l,-1.000000000000001,-1.000000000000001,2.2727272727272725,0.9505925014569708,1,58,0,0,0,0.019616537642041642
2019/08/13,6400,s,-1.0,-1.0,2.206896551724138,1.0884786760025462,5,0,4,0,0,-0.012189615379780893
2019/08/15,6400,s,0.7551020408163241,0.7551020408163241,2.4489795918367343,7.903871829105474,12,10,0,1,1,-0.016019264947739423
2020/02/03,6400,s,1.2258064516129006,1.2258064516129006,4.731182795698924,1.829242710299979,2,0,1,0,0,-0.014260178115403538
2020/12/07,6400,l,-0.9999999999999991,-0.9999999999999991,4.511278195488722,2.192769274015122,0,0,0,0,0,0.005345920413408814
2020/12/08,6400,l,0.27100681302044044,0.27100681302044044,2.2710068130204393,0.5212837982080012,1,1,1,1,1,-0.006295145595959497
2015/06/08,9684,l,0.07890743550834321,0.07890743550834321,2.928679817905918,2.756461588264359,5,0,4,0,1,0.0037608316349719262
2015/11/09,9684,s,-1.0,-1.0,2.6666666666666665,3.3343684177051807,7,9,0,0,0,0.007573602690806405
2015/12/16,9684,l,-0.20178448867535784,-0.20178448867535784,2.0864790665751545,1.093157543293004,14,34,0,0,1,0.016282539494449463
2017/02/07,9684,s,-1.0,-1.0,2.4657534246575343,3.6121371158913744,10,32,0,0,0,-0.0069869856260648
2017/05/12,9684,s,0.3938223938223938,0.3938223938223938,2.1621621621621623,5.1565440547476475,2,48,1,1,1,-0.0009974175352114368
2017/11/09,9684,l,0.35294117647058826,0.35294117647058826,3.361344537815126,2.926464919043948,1,0,0,0,0,0.003300191762002101
2018/02/06,9684,s,0.21238938053097345,0.21238938053097345,2.3451327433628317,1.7063726923323754,6,2,5,0,1,-0.01829990900305447
2018/08/08,9684,s,-1.0,-1.0,2.142857142857143,4.356662625371983,11,4,6,0,1,0.00016855861206543023
2019/05/14,9684,s,0.28028503562945367,0.28028503562945367,3.990498812351544,3.5078821010165973,13,19,3,0,1,-0.015124617295415775
2020/10/23,9684,s,-0.3818770226537217,-0.3818770226537217,2.588996763754045,2.613678910088406,3,9,2,0,1,0.0035971299639988245
2021/04/19,9684,s,-0.3783783783783784,-0.3783783783783784,2.4024024024024024,2.0971394318825136,1,48,0,0,1,0.0001667600410600524
2015/06/29,6789,s,-1.0,-1.0,2.0202020202020203,0.9222501516858802,7,53,5,0,1,-0.01932662518140747
2015/12/09,6789,s,0.25961538461538897,0.25961538461538897,2.043269230769231,2.4679029957203995,1,31,0,0,0,-0.005186583626606946
2016/11/10,6789,l,0.44933920704845814,0.44933920704845814,2.0440528634361232,1.4307666040635136,0,39,0,1,1,0.01915633841469791
2017/07/10,6789,l,1.0786516853932584,1.0786516853932584,2.0224719101123596,4.372935414056271,16,28,3,0,0,0.007092646979867046
2018/07/27,6789,l,1.9764936336924603,1.9764936336924603,2.7619980411361413,4.359601278916682,3,13,1,0,0,0.00263914389200454
2020/03/13,6789,s,0.0017873100983004297,0.0017873100983004297,2.8418230563002678,1.7022731157067168,1,0,0,0,0,-0.020267645421810664
2020/11/12,6789,l,0.7327327327327355,0.7327327327327355,2.0720720720720722,3.6610901241230436,1,0,0,0,0,0.0035404897907659293
2021/08/10,6789,l,4.570302233902762,4.570302233902762,2.628120893561104,7.904733640005936,18,1,0,0,0,0.0024079764083731713
2015/07/09,2475,s,-0.20728291316526865,-0.20728291316526865,2.352941176470588,1.5148161809910243,12,45,5,0,0,-0.015952261769897544
2015/08/10,2475,l,0.19298245614034987,0.19298245614034987,2.2149122807017543,1.4800995024875623,12,7,9,0,0,-0.005126767468163377
2016/11/14,2475,l,-0.13387423935091095,-0.13387423935091095,2.515212981744422,3.051546391752577,10,0,4,0,1,0.0053353162829594325
2016/11/15,2475,l,-0.4410646387832665,-0.4410646387832665,2.2813688212927756,3.0639913232104123,1,0,0,0,1,0.0009958908186789611
2017/02/13,2475,l,0.05776173285198228,0.05776173285198228,2.6353790613718413,3.995090518563977,10,1,0,0,0,0.0069585885288815505
2017/11/13,2475,l,3.5491329479768803,3.5491329479768803,2.5433526011560694,4.892613081679141,13,0,1,0,0,-0.0032564098720449138
2018/02/06,2475,s,0.639821029082774,0.639821029082774,3.7583892617449663,1.9587222295254372,9,19,0,0,0,-0.01829990900305447
2018/02/13,2475,l,0.2222222222222222,0.2222222222222222,2.5694444444444446,2.43126091738371,10,17,3,0,0,0.011725410637237213
2018/05/14,2475,s,-1.0,-1.0,2.398286937901499,2.4778262705898917,19,0,1,0,0,-0.0023367114148220925
2018/11/12,2475,s,-1.0,-1.0,2.2413793103448274,3.0031075201988813,11,2,0,0,0,-0.00577746317457104
2018/12/25,2475,s,-1.0000000000000018,-1.0000000000000018,2.209995414947272,1.3432086367060005,1,0,0,0,0,-0.018881107437745973
2019/08/13,2475,s,1.3777777777777778,1.3777777777777778,2.859259259259259,4.929356357927786,10,4,5,0,1,-0.012189615379780893
2017/03/22,6997,s,-1.0,-1.0,2.4489795918367347,1.3221579031998714,7,53,6,0,1,-0.01589545165780227
2018/02/07,6997,l,-1.0,-1.0,2.3954802259887007,2.1350450672094117,1,59,0,1,1,0.018095588017532395
2018/05/14,6997,l,3.9398496240601504,3.9398496240601504,2.1052631578947367,9.46706873714173,0,0,0,0,0,-0.0023367114148220925
2019/08/06,6997,s,-0.2175925925925947,-0.2175925925925947,3.472222222222222,3.6433986928104574,1,0,0,0,0,-0.019052339518414098
2019/11/06,6997,s,-0.999999999999999,-0.999999999999999,2.7241770715096485,4.737502335388475,7,52,3,0,0,0.0039360071976633736
2020/02/25,6997,s,-0.30637488106565003,-0.30637488106565003,2.0742150333016176,1.3496125582592287,14,5,10,1,1,-0.018701623227521346
2021/06/23,6997,l,-0.9999999999999979,-0.9999999999999979,2.586307782328847,3.781220895775125,16,0,7,0,1,9.659283488882078e-05
2015/08/24,3179,s,1.0609212481426462,1.0609212481426462,2.37741456166419,3.388996570746981,1,0,0,0,0,-0.01856262377269211
2017/02/16,3179,l,-1.000000000000002,-1.000000000000002,2.2396416573348263,8.61048520354514,12,15,5,0,0,-0.000327708949180881
2019/08/08,3179,l,-1.0000000000000027,-1.0000000000000027,2.4068767908309456,34.976541938436895,0,1,0,0,0,0.000620474387519134
2020/02/07,3179,s,-0.18604651162790697,-0.18604651162790697,2.0930232558139537,5.39526263971738,6,17,1,1,1,0.0010647749249274303
2021/02/05,3179,s,0.9251700680272125,0.9251700680272125,2.4489795918367347,3.4190752346210207,2,58,1,1,1,0.010214893470632699
2021/04/08,3179,l,0.12669683257918346,0.12669683257918346,2.0361990950226243,6.878525244187646,4,0,3,0,1,-0.0018469068598580749
2021/11/09,3179,s,0.7748691099476416,0.7748691099476416,2.068062827225131,5.009795057263411,11,33,0,0,0,0.0017114553979472704
2016/07/15,2884,l,4.984866123399299,4.984866123399299,3.515715948777646,18.538947368421052,1,0,0,0,0,0.0006243176293750027
2021/02/02,2884,l,-0.9999999999999981,-0.9999999999999981,2.275449101796407,3.34152953786016,4,0,3,0,0,0.004144736490804021
2018/02/05,6200,s,0.9978586723768741,0.9978586723768741,2.012847965738758,2.613372982901124,12,48,11,0,0,-0.015182691122011873
2019/01/28,6200,l,-1.0000000000000007,-1.0000000000000007,2.325581395348837,8.496678496678497,6,29,0,0,0,-0.0013127263694812268
2020/03/25,6200,l,0.3980815347721828,0.3980815347721828,2.3381294964028774,1.0949013401908907,5,52,0,0,0,0.019591153166946294
2021/02/24,6200,l,-1.0000000000000018,-1.0000000000000018,2.008776206728425,2.3388140405084115,17,0,3,0,1,-0.004507224591565874
2018/03/09,8013,l,-0.0645161290322605,-0.0645161290322605,3.7634408602150535,3.86128208977631,20,27,21,0,1,0.010583548256815026
2019/08/06,8013,s,-0.9999999999999983,-0.9999999999999983,3.0215827338129495,1.4829862874555613,1,0,0,0,0,-0.019052339518414098
2019/10/07,8013,l,0.9893238434163685,0.9893238434163685,3.6298932384341636,5.927448177269478,7,6,7,0,0,0.0016594894022474724
2019/11/18,8013,s,-0.06060606060606061,-0.06060606060606061,2.5454545454545454,1.8428598738290958,7,34,5,0,1,3.990847656043392e-05
2019/12/16,8013,s,-0.8535031847133744,-0.8535031847133744,2.67515923566879,1.439180537772087,3,32,2,0,1,-0.0028264462121873456
2020/02/25,8013,s,-1.0000000000000022,-1.0000000000000022,2.6415094339622645,1.415182755388941,2,0,0,0,1,-0.018701623227521346
2021/01/28,8013,l,3.18518518518518,3.18518518518518,3.9506172839506175,6.01606855918586,1,58,1,0,1,-0.016271576146988227
2021/01/29,8013,l,-0.9999999999999976,-0.9999999999999976,2.7659574468085104,1.366188919621155,6,50,0,0,0,0.004372740484767859
2015/11/05,2502,l,-0.16051552431165575,-0.16051552431165575,2.1441124780316345,1.1543392667032497,19,28,6,0,1,0.005417154728373456
2016/11/10,2502,l,-0.9999999999999986,-0.9999999999999986,2.263540824575586,1.0574895245484242,8,24,0,1,1,0.01915633841469791
2017/11/06,2502,l,0.25155279503105304,0.25155279503105304,4.114906832298137,1.610256610451801,1,0,0,0,1,0.0032760817636181072
2017/11/07,2502,s,-1.0,-1.0,2.706766917293233,1.941904287348497,1,59,0,0,0,-0.0013127346346849568
2018/01/05,2502,l,1.8892831795599767,1.8892831795599767,2.8388928317955995,3.142608717152029,17,0,0,0,0,0.005814178563816565
2019/05/09,2502,l,-1.0,-1.0,2.9547038327526134,1.804827040950786,17,4,8,1,1,-0.005077168987607518
2020/03/13,2502,s,0.33709817549956717,0.33709817549956717,2.953953084274544,1.9842836091993972,1,0,0,0,0,-0.020267645421810664
2021/05/17,2502,l,0.07947740881872817,0.07947740881872817,4.463799673380512,3.077148518808386,2,0,1,0,0,0.008046795969444962
2015/08/25,6957,s,-1.0000000000000027,-1.0000000000000027,6.6467065868263475,1.7863247863247864,1,0,0,0,0,-0.01990326136905445
2015/08/26,6957,l,1.902439024390246,1.902439024390246,2.7874564459930316,1.648,1,59,0,0,0,0.0049189350076095035
2017/05/09,6957,l,2.1666666666666696,2.1666666666666696,2.1226415094339623,10.689655172413794,1,4,0,0,1,0.0010022266117803691
2017/05/18,6957,s,-1.000000000000001,-1.000000000000001,2.1156558533145273,1.1219512195121952,5,51,0,0,0,-0.013014966530203535
2018/02/06,6957,s,0.8904428904428905,0.8904428904428905,2.797202797202797,2.244418331374853,12,43,0,0,1,-0.01829990900305447
2018/11/12,6957,s,-0.3819628647214854,-0.3819628647214854,2.1220159151193636,2.4280812879387703,9,11,0,0,0,-0.00577746317457104
2020/02/03,6957,s,-0.7518573551262988,-0.7518573551262988,2.511144130757801,1.4032786885245903,2,0,1,0,1,-0.014260178115403538
2020/03/13,6957,s,-0.999999999999999,-0.999999999999999,2.0424107142857144,1.4485387547649302,4,0,0,0,1,-0.020267645421810664
2020/11/09,6957,l,0.24538893344025953,0.24538893344025953,2.405773857257418,3.6020011117287383,5,0,0,0,0,0.010014704896932139
2021/08/10,6957,l,1.4182908545727135,1.4182908545727135,2.4587706146926536,7.7602668813988265,12,2,4,0,1,0.0024079764083731713
